time,anom_recon_median,anom_recon_lo_raw,anom_recon_hi_raw,anom_recon_lo_smooth,anom_recon_hi_smooth,abs_recon_median,abs_recon_lo_raw,abs_recon_hi_raw,abs_recon_lo_smooth,abs_recon_hi_smooth,anom_cmip6_truth,abs_cmip6_truth,anom_recon_model_src,abs_recon_model_src,anom_recon_roll_model_src,abs_recon_roll_model_src,OLS_Recon,MME,Naive,anom_ref_MMM,anom_ref_IAP,anom_ref_GT-OI,anom_ref_UTAS,anom_ref_SJTU-GR,anom_ref_UW,anom_ref_GT-ML,anom_ref_SJTU-JW,anom_ref_SJTU-HZ
1950/1/15,0.000599,0.000182,0.001016,0.000136,0.001062,0.252808,0.252392,0.253225,0.252345,0.253272,0.001742,0.256666,0.00115,0.256074,0.00150864,0.256433,5.12E-05,0.000646501,0.002296282,0.000614,,,,,,,,
1950/2/15,0.001099,0.000523,0.001674,0.000644,0.001554,0.253308,0.252733,0.253884,0.252853,0.253763,0.001438,0.256363,0.001244,0.256169,0.00115302,0.25607737,0.000573373,0.000574218,0.00288567,0.000574,,,,,,,,
1950/3/15,0.000885,0.000414,0.001355,0.000424,0.001345,0.253094,0.252623,0.253565,0.252634,0.253555,0.00138,0.256304,0.00088,0.255805,0.00141063,0.25633499,0.000356747,0.0005562,0.004439628,0.000575,,,,,,,,
1950/4/15,0.000792,0.00035,0.001234,0.000323,0.00126,0.253001,0.252559,0.253443,0.252533,0.25347,0.001382,0.256307,0.00099,0.255914,0.00132886,0.25625322,4.74E-05,0.000551983,0.005132764,0.000575,,,,,,,,
1950/5/15,0.000651,-0.000094,0.001396,0.00019,0.001112,0.25286,0.252115,0.253605,0.2524,0.253321,0.001006,0.25593,0.001168,0.256092,0.00095852,0.25588287,-0.000148934,0.000583134,0.002836161,0.000594,,,,,,,,
1950/6/15,0.000104,-0.000438,0.000646,-0.000358,0.000566,0.252314,0.251772,0.252856,0.251852,0.252776,0.00132,0.256244,0.000785,0.25571,0.0011361,0.25606046,0.000305912,0.000558877,0.002555165,0.00059,,,,,,,,
1950/7/15,0.000539,0.000094,0.000983,0.00008,0.000997,0.252748,0.252304,0.253192,0.252289,0.253206,0.000961,0.255885,0.000868,0.255793,0.00095501,0.25587936,0.000307148,0.000574807,0.00181042,0.000593,,,,,,,,
1950/8/15,0.000083,-0.000168,0.000334,-0.000366,0.000532,0.252293,0.252042,0.252544,0.251844,0.252742,0.000973,0.255897,0.00071,0.255634,0.00099824,0.2559226,0.00048314,0.000587411,0.000485534,0.0006,,,,,,,,
1950/9/15,-0.00009,-0.000406,0.000226,-0.000547,0.000367,0.252119,0.251803,0.252435,0.251663,0.252576,0.000909,0.255834,0.001063,0.255988,0.00103443,0.25595879,0.000294068,0.000566911,0.002357657,0.000589,,,,,,,,
1950/10/15,0.000332,-0.000021,0.000685,-0.00013,0.000794,0.252542,0.252188,0.252895,0.252079,0.253004,0.001112,0.256037,0.001122,0.256047,0.00107395,0.25599831,0.000450271,0.000572799,0.002350006,0.000596,,,,,,,,
1950/11/15,-0.000011,-0.000362,0.000341,-0.000477,0.000456,0.252199,0.251847,0.25255,0.251732,0.252665,0.001444,0.256369,0.00114,0.256065,0.00110346,0.25602782,0.000324342,0.000605295,0.001954521,0.000624,,,,,,,,
1950/12/15,0.000154,-0.000347,0.000655,-0.000315,0.000622,0.252363,0.251862,0.252864,0.251894,0.252832,0.001186,0.25611,0.000868,0.255792,0.00092273,0.25584709,-8.22E-05,0.00071261,0.000890021,0.00069,,,,,,,,
1951/1/15,0.000775,0.000288,0.001263,0.000324,0.001226,0.252985,0.252497,0.253472,0.252534,0.253435,0.001197,0.256122,0.001391,0.256315,0.00145898,0.25638334,-0.000667532,0.000627046,0.00315858,0.000647,,,,,,,,
1951/2/15,0.00082,0.000206,0.001434,0.000366,0.001274,0.253029,0.252416,0.253643,0.252575,0.253483,0.000775,0.2557,0.000841,0.255766,0.00105557,0.25597993,-0.000643705,0.000560156,0.001076769,0.000574,,,,,,,,
1951/3/15,0.000262,-0.000429,0.000952,-0.000183,0.000706,0.252471,0.25178,0.253162,0.252026,0.252916,0.001207,0.256131,0.000727,0.255651,0.00103036,0.25595471,-4.60E-05,0.000526265,0.000443443,0.000556,,,,,,,,
1951/4/15,0.000521,0.000039,0.001004,0.000069,0.000974,0.252731,0.252248,0.253213,0.252278,0.253183,0.001033,0.255957,0.000384,0.255308,0.00095546,0.25587981,-0.000340624,0.000525756,0.000863061,0.000552,,,,,,,,
1951/5/15,0.000475,-0.000063,0.001013,0.000023,0.000927,0.252684,0.252146,0.253222,0.252232,0.253136,0.001009,0.255933,0.000285,0.25521,0.00092416,0.25584851,-0.000199499,0.000572613,-0.000756349,0.000583,,,,,,,,
1951/6/15,0.00015,-0.000158,0.000458,-0.000288,0.000588,0.252359,0.252051,0.252667,0.251921,0.252797,0.001148,0.256072,0.000624,0.255549,0.00111172,0.25603608,0.000435632,0.000602445,0.00230856,0.000559,,,,,,,,
1951/7/15,0.000042,-0.000265,0.000349,-0.000387,0.00047,0.252251,0.251944,0.252558,0.251823,0.25268,0.000953,0.255878,0.000802,0.255726,0.0011185,0.25604286,-0.000280075,0.000612671,0.001671997,0.000575,,,,,,,,
1951/8/15,0.000082,-0.000421,0.000585,-0.000347,0.000511,0.252292,0.251789,0.252794,0.251863,0.252721,0.001152,0.256076,0.000792,0.255717,0.0013124,0.25623675,0.000343607,0.000607443,0.001637607,0.000587,,,,,,,,
1951/9/15,-0.000545,-0.000985,-0.000105,-0.00098,-0.000111,0.251664,0.251224,0.252104,0.25123,0.252098,0.001137,0.256061,0.001163,0.256087,0.00118714,0.2561115,0.000164688,0.000582995,0.001804825,0.000567,,,,,,,,
1951/10/15,0.000273,-0.000048,0.000594,-0.000164,0.00071,0.252483,0.252162,0.252803,0.252046,0.25292,0.001534,0.256459,0.001121,0.256046,0.00115776,0.25608212,0.000115741,0.000598236,0.003105112,0.000573,,,,,,,,
1951/11/15,0.000775,0.000367,0.001182,0.000339,0.00121,0.252984,0.252577,0.253391,0.252549,0.253419,0.001903,0.256827,0.000865,0.255789,0.00127385,0.25619821,7.82E-05,0.000655091,0.001661218,0.000605,,,,,,,,
1951/12/15,0.000465,0.000154,0.000775,0.000029,0.0009,0.252674,0.252363,0.252985,0.252238,0.25311,0.001525,0.25645,0.000943,0.255868,0.00144843,0.25637279,-8.74E-05,0.000733566,0.002099439,0.000713,,,,,,,,
1952/1/15,0.00072,0.000227,0.001213,0.000295,0.001145,0.252929,0.252436,0.253422,0.252504,0.253354,0.001156,0.256081,0.0008,0.255724,0.00157419,0.25649855,-6.42E-05,0.000718333,0.001070998,0.000627,,,,,,,,
1952/2/15,0.000655,0.0003,0.00101,0.000238,0.001073,0.252864,0.25251,0.253219,0.252447,0.253282,0.000849,0.255774,0.00087,0.255794,0.0011194,0.25604376,0.000490119,0.000643257,0.002576624,0.00056,,,,,,,,
1952/3/15,0.000001,-0.000654,0.000656,-0.000403,0.000405,0.25221,0.251556,0.252865,0.251807,0.252614,0.00075,0.255675,0.001339,0.256263,0.00115878,0.25608314,0.000346494,0.000624941,0.003048629,0.000526,,,,,,,,
1952/4/15,0.000164,-0.000268,0.000596,-0.000228,0.000556,0.252373,0.251941,0.252805,0.251981,0.252765,0.000991,0.255915,0.001301,0.256226,0.00117294,0.2560973,-0.000227844,0.000623392,0.004114138,0.000526,,,,,,,,
1952/5/15,0.000169,-0.000242,0.00058,-0.000234,0.000573,0.252378,0.251967,0.252789,0.251975,0.252782,0.001029,0.255953,0.001029,0.255953,0.00115262,0.25607698,0.000753379,0.000594767,0.002225277,0.000573,,,,,,,,
1952/6/15,0.000424,0.000111,0.000738,0.000023,0.000826,0.252634,0.25232,0.252947,0.252232,0.253035,0.001044,0.255968,0.00086,0.255785,0.00122601,0.25615037,0.000765994,0.000583661,0.002165789,0.000602,,,,,,,,
1952/7/15,0.000596,0.000139,0.001053,0.00019,0.001002,0.252805,0.252349,0.253262,0.252399,0.253211,0.001158,0.256082,0.000979,0.255904,0.00125032,0.25617467,0.000480708,0.000593691,0.001947915,0.000613,,,,,,,,
1952/8/15,0.000344,-0.00003,0.000718,-0.00006,0.000748,0.252553,0.25218,0.252927,0.25215,0.252957,0.001277,0.256201,0.001126,0.25605,0.00126865,0.25619301,0.000696591,0.000618591,0.002825983,0.000607,,,,,,,,
1952/9/15,0.00079,0.000405,0.001175,0.000389,0.001191,0.252999,0.252614,0.253384,0.252598,0.2534,0.001338,0.256262,0.001206,0.256131,0.0013831,0.25630745,0.000198718,0.000644056,0.00310077,0.000583,,,,,,,,
1952/10/15,0.000507,0.0002,0.000814,0.000102,0.000913,0.252716,0.252409,0.253024,0.252311,0.253122,0.000749,0.255673,0.001097,0.256021,0.00121542,0.25613978,0.001353086,0.000682263,0.002629832,0.000598,,,,,,,,
1952/11/15,0.000235,-0.000131,0.000601,-0.000182,0.000652,0.252445,0.252079,0.252811,0.252028,0.252862,0.000783,0.255708,0.00106,0.255984,0.00108835,0.25601271,0.000378602,0.000655669,0.001950448,0.000655,,,,,,,,
1952/12/15,0.000624,0.000383,0.000865,0.000214,0.001033,0.252833,0.252592,0.253074,0.252424,0.253243,0.001108,0.256032,0.001192,0.256117,0.00140514,0.2563295,-0.000632942,0.000695952,0.004450485,0.000734,,,,,,,,
1953/1/15,0.000885,0.000576,0.001195,0.00047,0.001301,0.253095,0.252785,0.253404,0.252679,0.25351,0.001067,0.255991,0.001189,0.256113,0.00135842,0.25628278,-5.77E-05,0.000683975,0.003883656,0.000718,,,,,,,,
1953/2/15,0.000876,0.000596,0.001156,0.000468,0.001283,0.253085,0.252805,0.253365,0.252678,0.253492,0.001302,0.256226,0.000859,0.255784,0.00167383,0.25659819,0.000343257,0.000656484,0.002596374,0.000885,,,,,,,,
1953/3/15,0.000542,0.000125,0.00096,0.000135,0.00095,0.252752,0.252335,0.253169,0.252344,0.25316,0.001342,0.256266,0.001043,0.255967,0.00136328,0.25628764,0.000747236,0.000639932,0.002595905,0.000568,,,,,,,,
1953/4/15,0.000919,0.000163,0.001675,0.00053,0.001308,0.253128,0.252373,0.253884,0.252739,0.253518,0.001306,0.25623,0.000815,0.255739,0.00145037,0.25637473,0.000939909,0.000644499,0.002356702,0.000625,,,,,,,,
1953/5/15,0.000604,0.000115,0.001094,0.000218,0.000991,0.252814,0.252325,0.253303,0.252428,0.2532,0.001205,0.256129,0.000749,0.255674,0.00112089,0.25604524,0.00124113,0.000658947,0.004515513,0.000623,,,,,,,,
1953/6/15,0.00058,0.000164,0.000996,0.000199,0.000961,0.25279,0.252373,0.253206,0.252408,0.253171,0.001172,0.256097,0.000698,0.255623,0.00111875,0.25604311,0.000706805,0.000672059,0.00348759,0.000595,,,,,,,,
1953/7/15,0.000554,0.000302,0.000806,0.000175,0.000934,0.252764,0.252512,0.253016,0.252384,0.253143,0.001132,0.256056,0.000892,0.255817,0.00133026,0.25625462,0.00055002,0.000681745,0.002466879,0.000584,,,,,,,,
1953/8/15,0.000394,-0.000047,0.000835,0.000017,0.000771,0.252603,0.252162,0.253044,0.252227,0.25298,0.001123,0.256047,0.001012,0.255936,0.00115411,0.25607847,0.000757759,0.000688434,0.001885617,0.000594,,,,,,,,
1953/9/15,0.000472,-0.000071,0.001014,0.000074,0.000869,0.252681,0.252138,0.253224,0.252284,0.253078,0.001409,0.256333,0.001103,0.256027,0.00114208,0.25606644,0.000478425,0.000692465,0.002204866,0.000619,,,,,,,,
1953/10/15,0.000766,0.000166,0.001366,0.000373,0.001159,0.252976,0.252375,0.253576,0.252582,0.253369,0.001575,0.256499,0.00078,0.255705,0.00124903,0.25617339,0.000657007,0.000687595,0.002419604,0.000644,,,,,,,,
1953/11/15,0.000667,0.000444,0.00089,0.000276,0.001059,0.252877,0.252654,0.2531,0.252485,0.253269,0.001556,0.25648,0.000897,0.255821,0.00071794,0.2556423,0.000374934,0.000717459,0.004158859,0.000682,,,,,,,,
1953/12/15,0.000643,0.000191,0.001095,0.000233,0.001053,0.252852,0.2524,0.253304,0.252443,0.253262,0.001511,0.256435,0.001252,0.256176,0.00176093,0.25668529,0.000653236,0.000755743,0.007608235,0.000656,,,,,,,,
1954/1/15,0.000457,0.000159,0.000755,0.000044,0.00087,0.252666,0.252368,0.252964,0.252253,0.253079,0.001367,0.256292,0.001042,0.255966,0.00150433,0.25642869,0.000852065,0.000741629,0.003436033,0.000696,,,,,,,,
1954/2/15,0.000791,0.000423,0.001159,0.000381,0.001201,0.253,0.252632,0.253368,0.25259,0.25341,0.001388,0.256312,0.000911,0.255836,0.0014488,0.25637315,0.000637045,0.000690382,0.001661909,0.000684,,,,,,,,
1954/3/15,0.000381,0.000168,0.000594,-0.000029,0.00079,0.25259,0.252377,0.252804,0.252181,0.253,0.001305,0.256229,0.001016,0.255941,0.00107904,0.25600339,0.00091427,0.000644091,0.002284998,0.000656,,,,,,,,
1954/4/15,0.000883,0.000522,0.001243,0.000481,0.001284,0.253092,0.252731,0.253453,0.25269,0.253494,0.001292,0.256216,0.001212,0.256137,0.00108324,0.2560076,0.000335805,0.00064856,0.003939659,0.00064,,,,,,,,
1954/5/15,0.000906,0.00062,0.001193,0.000526,0.001286,0.253115,0.252829,0.253402,0.252735,0.253495,0.000915,0.25584,0.001002,0.255927,0.00087548,0.25579984,0.001016825,0.000663987,0.001112549,0.000644,,,,,,,,
1954/6/15,0.000125,-0.000152,0.000403,-0.000246,0.000496,0.252335,0.252057,0.252612,0.251964,0.252706,0.000887,0.255811,0.000974,0.255898,0.00098193,0.25590629,0.000949692,0.000684207,0.002749952,0.000659,,,,,,,,
1954/7/15,0.000255,-0.000128,0.000637,-0.000114,0.000623,0.252464,0.252082,0.252846,0.252095,0.252833,0.001108,0.256032,0.000929,0.255853,0.00092553,0.25584989,0.000803281,0.000690273,0.003643192,0.000672,,,,,,,,
1954/8/15,0.001368,0.000502,0.002233,0.000997,0.001739,0.253577,0.252711,0.254443,0.253206,0.253948,0.001351,0.256276,0.000912,0.255837,0.00093133,0.25585568,0.000517918,0.000687049,0.003635406,0.000682,,,,,,,,
1954/9/15,0.000377,0.000086,0.000667,0.000013,0.00074,0.252586,0.252296,0.252876,0.252223,0.25295,0.001054,0.255978,0.001025,0.255949,0.00081871,0.25574307,0.000919601,0.000654208,0.003647859,0.000688,,,,,,,,
1954/10/15,0.000134,-0.00014,0.000409,-0.000215,0.000484,0.252344,0.252069,0.252618,0.251995,0.252693,0.001231,0.256156,0.001272,0.256196,0.00118009,0.25610444,0.000479448,0.000682976,0.003991506,0.000692,,,,,,,,
1954/11/15,0.000315,-0.000482,0.001111,-0.000032,0.000662,0.252524,0.251727,0.253321,0.252177,0.252871,0.001063,0.255987,0.001218,0.256143,0.00099502,0.25591938,0.000729883,0.000747161,0.001732259,0.000688,,,,,,,,
1954/12/15,0.000498,0.000175,0.00082,0.00014,0.000855,0.252707,0.252385,0.25303,0.25235,0.253065,0.001318,0.256242,0.001463,0.256387,0.00146792,0.25639228,8.90E-05,0.0007653,0.004308999,0.000717,,,,,,,,
1955/1/15,0.000819,0.000587,0.001052,0.00046,0.001179,0.253029,0.252796,0.253262,0.25267,0.253388,0.001417,0.256341,0.001074,0.255998,0.00159727,0.25652162,-0.00033744,0.000711756,0.002779396,0.000756,,,,,,,,
1955/2/15,0.000505,0.000236,0.000774,0.000147,0.000863,0.252714,0.252445,0.252983,0.252356,0.253073,0.001289,0.256214,0.00113,0.256055,0.00128594,0.2562103,-0.000292044,0.000640111,0.001479882,0.000742,,,,,,,,
1955/3/15,0.000186,-0.000044,0.000416,-0.000166,0.000539,0.252396,0.252166,0.252626,0.252043,0.252748,0.001058,0.255982,0.000922,0.255846,0.00107566,0.25600001,-6.11E-05,0.000611006,0.002395917,0.00069,,,,,,,,
1955/4/15,0.000555,0.000319,0.000792,0.000196,0.000915,0.252765,0.252528,0.253001,0.252406,0.253124,0.000903,0.255827,0.001078,0.256003,0.00091547,0.25583982,-0.000412716,0.000606881,0.005750216,0.000644,,,,,,,,
1955/5/15,0.000778,0.000504,0.001052,0.000422,0.001134,0.252987,0.252713,0.253262,0.252631,0.253344,0.00094,0.255864,0.000988,0.255912,0.00096796,0.25589231,-2.95E-06,0.000644649,0.003892691,0.000649,,,,,,,,
1955/6/15,0.000568,0.000208,0.000929,0.000211,0.000925,0.252778,0.252417,0.253138,0.252421,0.253135,0.000824,0.255748,0.001209,0.256133,0.00093652,0.25586087,0.000454615,0.000655006,0.004219514,0.000664,,,,,,,,
1955/7/15,0.000071,-0.000236,0.000379,-0.000291,0.000434,0.252281,0.251973,0.252588,0.251918,0.252643,0.000988,0.255912,0.001229,0.256153,0.00108671,0.25601107,-6.90E-05,0.000645945,0.003031938,0.000684,,,,,,,,
1955/8/15,0.000377,0.000116,0.000639,0.00001,0.000745,0.252587,0.252325,0.252848,0.252219,0.252954,0.001271,0.256196,0.001132,0.256057,0.0012321,0.25615645,0.000304044,0.000658665,0.002680749,0.00069,,,,,,,,
1955/9/15,0.000276,0.000075,0.000476,-0.000071,0.000622,0.252485,0.252285,0.252685,0.252139,0.252831,0.001272,0.256197,0.000906,0.25583,0.0012182,0.25614256,0.000431049,0.000649025,0.002475699,0.000687,,,,,,,,
1955/10/15,0.000153,-0.000394,0.0007,-0.000197,0.000502,0.252362,0.251815,0.252909,0.252013,0.252711,0.001146,0.25607,0.000763,0.255687,0.00119149,0.25611585,0.001098701,0.000642361,0.00176492,0.000654,,,,,,,,
1955/11/15,0.000514,0.000039,0.000989,0.000169,0.000859,0.252723,0.252249,0.253198,0.252378,0.253069,0.000835,0.25576,0.000832,0.255756,0.00111955,0.25604391,0.000449637,0.000697903,0.001279632,0.000683,,,,,,,,
1955/12/15,0.000744,0.000251,0.001238,0.000423,0.001066,0.252954,0.25246,0.253447,0.252632,0.253275,0.001513,0.256437,0.00099,0.255915,0.00158254,0.2565069,0.000801544,0.000744515,0.001526428,0.000747,,,,,,,,
1956/1/15,0.000872,0.0006,0.001144,0.000526,0.001218,0.253081,0.252809,0.253354,0.252735,0.253428,0.001447,0.256371,0.000562,0.255486,0.00135395,0.25627831,0.000109843,0.000733065,0.001755609,0.000765,,,,,,,,
1956/2/15,0.000542,0.000308,0.000777,0.000182,0.000902,0.252752,0.252517,0.252986,0.252392,0.253112,0.001643,0.256568,0.000832,0.255757,0.00132514,0.25624949,4.28E-05,0.000689147,0.000381226,0.000712,,,,,,,,
1956/3/15,0.000415,0.000047,0.000784,0.000047,0.000784,0.252625,0.252256,0.252993,0.252256,0.252993,0.001302,0.256226,0.0008,0.255724,0.0012443,0.25616865,0.000511523,0.000670439,0.0019012,0.00064,,,,,,,,
1956/4/15,0.000735,0.000443,0.001027,0.000364,0.001107,0.252945,0.252653,0.253237,0.252573,0.253316,0.001395,0.256319,0.000861,0.255785,0.00128602,0.25621038,0.000565369,0.00066084,0.001893593,0.000611,,,,,,,,
1956/5/15,0.000473,0.000169,0.000777,0.000095,0.000851,0.252682,0.252378,0.252986,0.252305,0.25306,0.001107,0.256032,0.001119,0.256043,0.0011922,0.25611655,0.000395143,0.000643476,0.002092415,0.000607,,,,,,,,
1956/6/15,0.000267,-0.000148,0.000682,-0.000125,0.000659,0.252476,0.252062,0.252891,0.252085,0.252868,0.001218,0.256143,0.001095,0.25602,0.00107326,0.25599761,0.000621181,0.000644762,0.00266593,0.000645,,,,,,,,
1956/7/15,0.000234,-0.000257,0.000726,-0.000155,0.000624,0.252444,0.251952,0.252936,0.252054,0.252833,0.001,0.255924,0.000786,0.25571,0.00084722,0.25577157,0.001005156,0.000655391,0.00077218,0.000655,,,,,,,,
1956/8/15,0.000299,-0.000064,0.000663,-0.000093,0.000692,0.252509,0.252146,0.252872,0.252116,0.252902,0.001103,0.256028,0.000586,0.25551,0.00107234,0.2559967,0.000853027,0.000678692,0.001182552,0.000646,,,,,,,,
1956/9/15,0.000072,-0.000292,0.000435,-0.000322,0.000465,0.252281,0.251917,0.252645,0.251888,0.252674,0.001462,0.256386,0.001103,0.256027,0.00123271,0.25615707,0.001114462,0.000720397,0.000426798,0.000659,,,,,,,,
1956/10/15,0.00037,0.000194,0.000545,-0.000027,0.000766,0.252579,0.252404,0.252754,0.252183,0.252975,0.000817,0.255742,0.000667,0.255591,0.00112774,0.2560521,0.000879175,0.00071814,0.002166042,0.000649,,,,,,,,
1956/11/15,0.000087,-0.000138,0.000313,-0.000299,0.000473,0.252297,0.252071,0.252522,0.251911,0.252683,0.001308,0.256232,0.000883,0.255808,0.00090228,0.25582664,0.000717553,0.000712663,0.000714575,0.000642,,,,,,,,
1956/12/15,0.000494,-0.000426,0.001413,0.000114,0.000874,0.252703,0.251784,0.253622,0.252323,0.253083,0.001474,0.256398,0.000834,0.255758,0.00115519,0.25607955,0.00051349,0.000766317,0.001286462,0.000698,,,,,,,,
1957/1/15,0.000498,-0.000065,0.001061,0.000122,0.000874,0.252707,0.252144,0.25327,0.252331,0.253084,0.000629,0.255553,0.000697,0.255621,0.00117052,0.25609488,0.000878093,0.000610209,0.000934472,0.000745,,,,,,,,
1957/2/15,0.000216,-0.000254,0.000685,-0.000186,0.000618,0.252425,0.251956,0.252895,0.252023,0.252827,0.000499,0.255423,0.000708,0.255632,0.00077304,0.2556974,0.000602411,0.000534485,0.001888929,0.000733,,,,,,,,
1957/3/15,0.000159,-0.000143,0.000461,-0.000259,0.000576,0.252368,0.252066,0.25267,0.251951,0.252785,0.000683,0.255607,0.000382,0.255306,0.00070664,0.25563099,0.001004317,0.000555171,0.000518185,0.000947,,,,,,,,
1957/4/15,0.000521,0.000134,0.000908,0.000108,0.000934,0.252731,0.252343,0.253118,0.252317,0.253144,0.000663,0.255588,0.000366,0.25529,0.00076216,0.25568651,0.000636138,0.000557532,0.001877855,0.000609,,,,,,,,
1957/5/15,0.000209,-0.000399,0.000817,-0.000206,0.000625,0.252419,0.251811,0.253026,0.252003,0.252834,0.000557,0.255481,0.000139,0.255064,0.00059869,0.25552305,0.000629797,0.000586219,-0.000111527,0.00067,,,,,,,,
1957/6/15,-0.000034,-0.000345,0.000278,-0.000455,0.000388,0.252176,0.251865,0.252487,0.251755,0.252597,0.000784,0.255708,0.00082,0.255744,0.00073156,0.25565592,0.000210743,0.000596458,0.005360008,0.000661,,,,,,,,
1957/7/15,0.000326,-0.000061,0.000714,-0.000089,0.000742,0.252536,0.252148,0.252923,0.25212,0.252951,0.000489,0.255413,0.000868,0.255793,0.00066877,0.25559313,0.000227568,0.000602979,0.001980883,0.000643,,,,,,,,
1957/8/15,0.000203,-0.000067,0.000473,-0.000203,0.000609,0.252413,0.252142,0.252683,0.252006,0.252819,0.0002,0.255125,0.001032,0.255956,0.00041897,0.25534333,0.000254266,0.000629481,0.002424167,0.000645,,,,,,,,
1957/9/15,0.000187,-0.000082,0.000456,-0.000215,0.000589,0.252397,0.252128,0.252665,0.251995,0.252799,0.000463,0.255388,0.000801,0.255725,0.00064633,0.25557069,0.000271031,0.000636796,0.002294056,0.000655,,,,,,,,
1957/10/15,0.000145,-0.000162,0.000451,-0.000253,0.000542,0.252354,0.252047,0.252661,0.251957,0.252751,0.000361,0.255285,0.000603,0.255527,0.00036497,0.25528933,0.00071422,0.000626963,0.001889609,0.000679,,,,,,,,
1957/11/15,0.00019,-0.000141,0.00052,-0.000211,0.00059,0.252399,0.252068,0.252729,0.251999,0.252799,0.000075,0.254999,0.000444,0.255368,0.0000153,0.25493966,0.00029844,0.000651921,0.001586925,0.00072,,,,,,,,
1957/12/15,0.000427,0.000026,0.000827,0.000028,0.000825,0.252636,0.252236,0.253037,0.252238,0.253035,0.000249,0.255174,0.000408,0.255333,0.00009398,0.25501834,0.00026169,0.000682762,0.000198493,0.000718,,,,,,,,
1958/1/15,0.000587,-0.000303,0.001477,0.000217,0.000957,0.252796,0.251906,0.253687,0.252426,0.253166,0.000219,0.255143,0.000822,0.255747,0.000271,0.25519535,0.00040963,0.000631363,0.003148398,0.000713,,,,,,,,
1958/2/15,0.000214,-0.000388,0.000816,-0.000145,0.000573,0.252424,0.251822,0.253026,0.252064,0.252783,0.000082,0.255007,0.000321,0.255246,0.0003247,0.25524906,0.000274065,0.000573289,0.001414818,0.000766,,,,,,,,
1958/3/15,-0.000597,-0.000869,-0.000325,-0.000945,-0.000248,0.251612,0.251341,0.251884,0.251264,0.251961,0.000135,0.25506,0.000594,0.255518,0.0002572,0.25518156,0.000299646,0.000553105,0.001376563,0.00061,,,,,,,,
1958/4/15,-0.000027,-0.000372,0.000317,-0.000372,0.000318,0.252182,0.251838,0.252526,0.251837,0.252527,0.000156,0.25508,0.000329,0.255253,0.00007609,0.25500045,0.000383597,0.000551897,-0.000205448,0.000534,,,,,,,,
1958/5/15,0.000012,-0.000431,0.000454,-0.000326,0.000349,0.252221,0.251778,0.252664,0.251884,0.252558,0.000294,0.255218,0.000079,0.255003,0.00025917,0.25518353,0.000607679,0.000596438,0.000546749,0.000555,,,,,,,,
1958/6/15,0.000048,-0.00023,0.000326,-0.000286,0.000381,0.252257,0.25198,0.252535,0.251924,0.252591,0.000709,0.255634,0.000488,0.255412,0.00074125,0.25566561,0.000834645,0.000619941,0.001614724,0.000558,,,,,,,,
1958/7/15,0.000228,-0.000038,0.000494,-0.000105,0.000561,0.252437,0.252172,0.252703,0.252105,0.25277,0.000524,0.255449,0.00061,0.255534,0.00061872,0.25554308,0.000862706,0.000618457,0.000355779,0.000586,,,,,,,,
1958/8/15,-0.000053,-0.000318,0.000212,-0.000383,0.000278,0.252157,0.251891,0.252422,0.251826,0.252487,0.000552,0.255477,0.000663,0.255587,0.00075119,0.25567555,0.000764994,0.000623893,0.001315602,0.000596,,,,,,,,
1958/9/15,0.000181,-0.000068,0.000431,-0.000149,0.000512,0.252391,0.252142,0.25264,0.25206,0.252721,0.000559,0.255483,0.000618,0.255542,0.00079639,0.25572074,0.000795645,0.00063126,0.001033983,0.000603,,,,,,,,
1958/10/15,-0.000383,-0.000633,-0.000134,-0.00071,-0.000057,0.251826,0.251576,0.252076,0.251499,0.252153,0.001082,0.256006,0.000577,0.255501,0.00099466,0.25591901,0.000944353,0.000618037,0.000923071,0.000629,,,,,,,,
1958/11/15,0.000014,-0.00017,0.000197,-0.00032,0.000347,0.252223,0.25204,0.252406,0.251889,0.252557,0.000538,0.255463,0.000947,0.255871,0.00078567,0.25571003,0.000467568,0.000619996,0.000997028,0.000637,,,,,,,,
1958/12/15,0.000095,-0.000138,0.000329,-0.000238,0.000428,0.252305,0.252071,0.252538,0.251972,0.252638,0.001338,0.256262,0.000619,0.255543,0.00096815,0.25589251,0.00077203,0.000661051,0.00128032,0.000627,,,,,,,,
1959/1/15,0.000229,-0.000075,0.000533,-0.000103,0.000561,0.252439,0.252135,0.252742,0.252107,0.252771,0.001115,0.25604,0.000879,0.255803,0.00101709,0.25594145,0.000486387,0.000606305,0.000993927,0.000652,,,,,,,,
1959/2/15,0.000046,-0.000166,0.000259,-0.000264,0.000356,0.252256,0.252044,0.252468,0.251946,0.252566,0.001385,0.256309,0.000677,0.255601,0.00151688,0.25644124,0.000152851,0.000575531,0.000481193,0.000683,,,,,,,,
1959/3/15,0.000764,0.000544,0.000983,0.000469,0.001058,0.252973,0.252753,0.253193,0.252679,0.253267,0.001204,0.256129,0.000577,0.255501,0.00115372,0.25607808,0.000542807,0.000541344,-9.03E-05,0.000631,,,,,,,,
1959/4/15,0.000245,0.000047,0.000442,-0.000052,0.000542,0.252454,0.252257,0.252651,0.252157,0.252751,0.00118,0.256105,0.000673,0.255598,0.00119073,0.25611509,7.05E-05,0.000529403,0.000794549,0.000573,,,,,,,,
1959/5/15,0.000089,-0.000433,0.000611,-0.000208,0.000386,0.252298,0.251776,0.25282,0.252002,0.252595,0.001286,0.25621,0.000833,0.255758,0.00119418,0.25611854,0.000278187,0.000565567,0.000520536,0.000553,,,,,,,,
1959/6/15,0.000248,-0.000041,0.000537,-0.000064,0.00056,0.252458,0.252169,0.252746,0.252145,0.25277,0.001273,0.256198,0.000687,0.255612,0.00117267,0.25609703,0.00015054,0.000601573,0.000999547,0.000552,,,,,,,,
1959/7/15,0.000242,-0.000096,0.00058,-0.000064,0.000548,0.252451,0.252114,0.252789,0.252145,0.252758,0.000768,0.255693,0.000882,0.255806,0.00091143,0.25583579,1.33E-05,0.000577326,0.001304888,0.000596,,,,,,,,
1959/8/15,-0.00012,-0.000386,0.000146,-0.000422,0.000182,0.252089,0.251823,0.252355,0.251787,0.252391,0.000649,0.255573,0.000984,0.255908,0.0010208,0.25594516,0.00028487,0.00058317,0.002368853,0.00062,,,,,,,,
1959/9/15,-0.000288,-0.000472,-0.000103,-0.000585,0.00001,0.251922,0.251737,0.252106,0.251624,0.252219,0.000973,0.255897,0.001177,0.256101,0.00125082,0.25617518,0.000608182,0.000569609,0.001518363,0.000618,,,,,,,,
1959/10/15,-0.000424,-0.000895,0.000048,-0.00072,-0.000127,0.251786,0.251315,0.252257,0.251489,0.252082,0.000899,0.255823,0.000926,0.25585,0.00094646,0.25587082,0.000301195,0.000576897,0.00112092,0.000624,,,,,,,,
1959/11/15,-0.00036,-0.000674,-0.000047,-0.000655,-0.000066,0.251849,0.251535,0.252163,0.251554,0.252144,0.001034,0.255959,0.0013,0.256224,0.00114737,0.25607173,0.000870556,0.000607154,0.00151718,0.000631,,,,,,,,
1959/12/15,0.000187,-0.000192,0.000565,-0.000122,0.000496,0.252396,0.252018,0.252774,0.252087,0.252705,0.001006,0.25593,0.000881,0.255806,0.00122108,0.25614544,0.001219555,0.000641516,0.001395156,0.000618,,,,,,,,
1960/1/15,0.000179,-0.000183,0.00054,-0.000133,0.00049,0.252388,0.252027,0.252749,0.252077,0.252699,0.001089,0.256014,0.000785,0.255709,0.00091935,0.2558437,0.000554503,0.000596115,0.001533779,0.00062,,,,,,,,
1960/2/15,-0.000203,-0.000423,0.000016,-0.000513,0.000106,0.252006,0.251787,0.252226,0.251697,0.252316,0.000715,0.255639,0.000648,0.255573,0.00050382,0.25542817,0.000710157,0.00053652,0.001622271,0.000661,,,,,,,,
1960/3/15,-0.000126,-0.000465,0.000214,-0.000438,0.000186,0.252084,0.251744,0.252423,0.251772,0.252395,0.000607,0.255532,0.000278,0.255202,0.00056334,0.2554877,0.00120921,0.000516726,-0.000225654,0.000606,,,,,,,,
1960/4/15,0.000168,-0.000168,0.000504,-0.000156,0.000492,0.252377,0.252041,0.252713,0.252053,0.252702,0.00037,0.255294,0.000403,0.255327,0.00040942,0.25533378,0.000802995,0.000530166,0.000779248,0.000576,,,,,,,,
1960/5/15,0.000263,-0.000551,0.001077,-0.000071,0.000597,0.252472,0.251659,0.253286,0.252138,0.252807,0.000665,0.25559,0.001073,0.255997,0.00079426,0.25571861,0.000915114,0.000529379,0.002755443,0.000541,,,,,,,,
1960/6/15,0.000081,-0.000059,0.00022,-0.000247,0.000408,0.25229,0.252151,0.252429,0.251962,0.252618,0.000395,0.25532,0.000886,0.25581,0.0004475,0.25537186,0.000875044,0.000531242,0.003170779,0.000529,,,,,,,,
1960/7/15,0.000011,-0.000158,0.000179,-0.00032,0.000342,0.25222,0.252051,0.252389,0.251889,0.252551,0.000528,0.255452,0.000845,0.25577,0.00071456,0.25563892,0.000949412,0.00056878,0.003240617,0.000566,,,,,,,,
1960/8/15,-0.000068,-0.00022,0.000085,-0.000395,0.00026,0.252142,0.251989,0.252294,0.251814,0.252469,0.00036,0.255285,0.000728,0.255652,0.00073269,0.25565705,0.001262615,0.000569894,0.002810766,0.000602,,,,,,,,
1960/9/15,0.000248,0.000027,0.000469,-0.000078,0.000574,0.252458,0.252236,0.252679,0.252132,0.252784,0.000317,0.255241,0.000817,0.255741,0.00062868,0.25555304,0.001296979,0.000606725,0.002486955,0.000577,,,,,,,,
1960/10/15,0.000173,-0.000036,0.000382,-0.000155,0.0005,0.252382,0.252173,0.252591,0.252055,0.25271,0.000623,0.255547,0.000508,0.255432,0.00056533,0.25548968,0.001162438,0.000594942,0.000660009,0.000583,,,,,,,,
1960/11/15,-0.000277,-0.0008,0.000247,-0.000599,0.000045,0.251933,0.251409,0.252456,0.25161,0.252255,0,0.254925,0.000196,0.25512,0.00007876,0.25500312,0.000966563,0.000583648,0.000171105,0.00057,,,,,,,,
1960/12/15,0.000153,-0.000135,0.000441,-0.000176,0.000482,0.252362,0.252074,0.25265,0.252033,0.252691,0.00035,0.255274,0.000699,0.255623,0.00064168,0.25556603,0.001091353,0.000628192,-0.000133938,0.000577,,,,,,,,
1961/1/15,-0.000125,-0.000392,0.000142,-0.000454,0.000205,0.252085,0.251818,0.252352,0.251755,0.252414,0.000363,0.255288,0.000896,0.255821,0.00082492,0.25574928,0.000706934,0.000559517,0.001817716,0.000607,,,,,,,,
1961/2/15,-0.000043,-0.000307,0.000221,-0.000369,0.000283,0.252166,0.251902,0.252431,0.251841,0.252492,-0.000011,0.254914,0.000096,0.25502,0.00015115,0.25507551,0.000828015,0.000508936,0.002464889,0.000642,,,,,,,,
1961/3/15,-0.000186,-0.0007,0.000328,-0.000516,0.000144,0.252024,0.25151,0.252537,0.251694,0.252354,0.000131,0.255055,0.000244,0.255168,0.00013672,0.25506108,0.000555744,0.000494927,0.000732188,0.000596,,,,,,,,
1961/4/15,0.000152,-0.000295,0.000598,-0.000175,0.000478,0.252361,0.251915,0.252808,0.252035,0.252687,0.000098,0.255023,-0.000159,0.254766,0.00022411,0.25514846,0.000644133,0.00050342,-0.00078539,0.000834,,,,,,,,
1961/5/15,0.000137,-0.000225,0.000498,-0.000198,0.000471,0.252346,0.251985,0.252707,0.252011,0.25268,0.000527,0.255452,0.000319,0.255244,0.00039671,0.25532107,0.00074622,0.000525442,0.000563196,0.000444,,,,,,,,
1961/6/15,-0.000195,-0.000561,0.000172,-0.000505,0.000116,0.252015,0.251649,0.252381,0.251705,0.252325,0.000248,0.255172,0.000086,0.25501,0.00031168,0.25523604,0.000658499,0.000548869,-1.71E-05,0.000517,,,,,,,,
1961/7/15,0.000659,0.000399,0.000919,0.000343,0.000975,0.252868,0.252608,0.253128,0.252552,0.253184,0.000427,0.255351,0.000367,0.255291,0.00050063,0.25542499,0.000652192,0.000555598,-0.000467572,0.00053,,,,,,,,
1961/8/15,0.000615,0.000391,0.000839,0.000296,0.000935,0.252825,0.252601,0.253049,0.252505,0.253144,0.000772,0.255696,0.000122,0.255046,0.00080238,0.25572674,0.000415084,0.00056849,-0.000241811,0.000529,,,,,,,,
1961/9/15,0.000094,-0.000129,0.000318,-0.000229,0.000417,0.252304,0.25208,0.252527,0.251981,0.252627,0.000872,0.255796,0.000809,0.255733,0.0009557,0.25588005,0.001018275,0.000605404,0.001758924,0.000531,,,,,,,,
1961/10/15,-0.000482,-0.000824,-0.000141,-0.000804,-0.00016,0.251727,0.251386,0.252068,0.251405,0.252049,0.000579,0.255504,0.000823,0.255747,0.00051695,0.25544131,0.000882732,0.000622396,0.000663109,0.000569,,,,,,,,
1961/11/15,0.000176,-0.000305,0.000658,-0.00015,0.000503,0.252386,0.251904,0.252867,0.252059,0.252712,0.000381,0.255305,0.000519,0.255443,0.00032988,0.25525424,0.000980184,0.000606181,0.000640637,0.00057,,,,,,,,
1961/12/15,-0.000068,-0.000448,0.000312,-0.000382,0.000246,0.252141,0.251762,0.252521,0.251827,0.252455,0.000951,0.255876,0.001139,0.256063,0.00077863,0.25570299,0.001078585,0.000651623,0.000170756,0.000607,,,,,,,,
1962/1/15,-0.000182,-0.000459,0.000094,-0.000494,0.000129,0.252027,0.25175,0.252304,0.251715,0.252338,0.000925,0.255849,0.00076,0.255684,0.00095417,0.25587853,0.000678849,0.000604641,-0.000177465,0.000595,,,,,,,,
1962/2/15,0.000291,-0.000033,0.000614,-0.000026,0.000607,0.2525,0.252177,0.252823,0.252184,0.252816,0.000809,0.255734,0.000705,0.255629,0.00063872,0.25556308,0.000920028,0.000534411,0.001020098,0.000584,,,,,,,,
1962/3/15,-0.000498,-0.000746,-0.00025,-0.000818,-0.000178,0.251711,0.251463,0.251959,0.251391,0.252031,0.000833,0.255757,0.000674,0.255598,0.00087388,0.25579824,0.000586679,0.000545301,-3.15E-05,0.000628,,,,,,,,
1962/4/15,0.000547,0.000014,0.001081,0.000238,0.000857,0.252757,0.252223,0.25329,0.252447,0.253066,0.000911,0.255835,0.000657,0.255581,0.00100907,0.25593342,0.000472901,0.000552534,-0.000579918,0.00056,,,,,,,,
1962/5/15,0.000075,-0.000159,0.000309,-0.000236,0.000386,0.252284,0.252051,0.252518,0.251973,0.252595,0.001175,0.2561,0.000392,0.255316,0.0011143,0.25603866,0.000612017,0.000606567,0.00035727,0.000509,,,,,,,,
1962/6/15,0.000438,0.000161,0.000715,0.000122,0.000755,0.252647,0.25237,0.252925,0.252331,0.252964,0.001042,0.255966,0.000846,0.255771,0.00109009,0.25601445,0.000660742,0.000639328,0.000191555,0.000495,,,,,,,,
1962/7/15,0.000234,-0.000016,0.000484,-0.000089,0.000557,0.252443,0.252194,0.252693,0.252121,0.252766,0.000924,0.255848,0.000813,0.255738,0.00089109,0.25581545,0.000788938,0.000649457,0.000524427,0.000503,,,,,,,,
1962/8/15,-0.000348,-0.000585,-0.00011,-0.000674,-0.000021,0.251862,0.251624,0.252099,0.251536,0.252188,0.001044,0.255969,0.001078,0.256002,0.00095252,0.25587687,0.000840317,0.000665497,0.000587447,0.000525,,,,,,,,
1962/9/15,-0.00012,-0.000321,0.000082,-0.000445,0.000206,0.25209,0.251889,0.252291,0.251765,0.252415,0.001092,0.256016,0.000969,0.255893,0.00097988,0.25590424,0.000961618,0.000677472,0.001536987,0.000549,,,,,,,,
1962/10/15,-0.000178,-0.000494,0.000138,-0.000509,0.000152,0.252031,0.251715,0.252347,0.251701,0.252362,0.000997,0.255921,0.000778,0.255702,0.00088371,0.25580806,0.000654803,0.000704166,0.001020315,0.000556,,,,,,,,
1962/11/15,-0.000188,-0.000405,0.000029,-0.000523,0.000147,0.252021,0.251804,0.252238,0.251686,0.252356,0.000828,0.255752,0.000841,0.255765,0.00083906,0.25576342,0.000752566,0.000732904,0.001296237,0.000568,,,,,,,,
1962/12/15,0.00028,0.000047,0.000512,-0.00005,0.00061,0.252489,0.252257,0.252721,0.252159,0.252819,0.000278,0.255203,0.000968,0.255892,0.00025352,0.25517787,0.00063313,0.000796322,0.001141877,0.000605,,,,,,,,
1963/1/15,-0.000379,-0.000763,0.000006,-0.000718,-0.000039,0.251831,0.251447,0.252215,0.251491,0.25217,0.000354,0.255278,0.000756,0.25568,0.00073725,0.2556616,0.000575653,0.000691247,0.000490368,0.000622,,,,,,,,
1963/2/15,0.000416,0.000062,0.000769,0.000072,0.000759,0.252625,0.252271,0.252979,0.252281,0.252968,0.000291,0.255216,0.000583,0.255507,0.00045497,0.25537933,0.000741516,0.000644627,-0.000217643,0.000606,,,,,,,,
1963/3/15,0.000441,0.000179,0.000704,0.000104,0.000779,0.252651,0.252388,0.252914,0.252313,0.252988,0.000404,0.255328,0.000434,0.255359,0.00062361,0.25554797,0.000717178,0.000612132,0.000226123,0.000652,,,,,,,,
1963/4/15,0.000038,-0.000443,0.000519,-0.000301,0.000377,0.252247,0.251766,0.252729,0.251909,0.252586,0.000521,0.255446,0.000468,0.255392,0.00073085,0.25565521,0.000629713,0.000652249,-1.99E-05,0.000605,,,,,,,,
1963/5/15,0.000578,0.000088,0.001068,0.000251,0.000905,0.252788,0.252298,0.253277,0.25246,0.253115,0.000657,0.255581,0.000524,0.255448,0.00075998,0.25568433,0.000390698,0.000753686,0.000527023,0.000534,,,,,,,,
1963/6/15,0.000755,0.000239,0.00127,0.000424,0.001085,0.252964,0.252449,0.253479,0.252634,0.253294,0.000471,0.255395,0.000264,0.255189,0.00046137,0.25538573,0.000183812,0.000815201,-0.000640458,0.000545,,,,,,,,
1963/7/15,0.00053,0.000185,0.000874,0.000201,0.000859,0.252739,0.252395,0.253084,0.25241,0.253069,0.00021,0.255134,0.00064,0.255564,0.00045425,0.2553786,0.000840258,0.000883876,-0.000414682,0.000553,,,,,,,,
1963/8/15,0.000159,-0.000041,0.000359,-0.000177,0.000495,0.252369,0.252168,0.252569,0.252033,0.252704,0.000365,0.255289,0.000654,0.255579,0.00059046,0.25551482,0.000483496,0.00092411,0.000757377,0.000607,,,,,,,,
1963/9/15,0.000263,-0.000089,0.000614,-0.000071,0.000596,0.252472,0.252121,0.252824,0.252138,0.252806,0.000552,0.255476,0.000562,0.255486,0.00060753,0.25553189,0.000669847,0.000962376,0.000993218,0.000639,,,,,,,,
1963/10/15,0.000505,0.000054,0.000957,0.000172,0.000839,0.252715,0.252263,0.253166,0.252381,0.253048,0.001131,0.256055,0.001166,0.256091,0.00102858,0.25595293,0.00078984,0.00104639,0.001783615,0.000649,,,,,,,,
1963/11/15,0.00016,-0.000198,0.000518,-0.000181,0.000501,0.25237,0.252012,0.252728,0.252028,0.252711,0.000679,0.255604,0.000984,0.255909,0.0012182,0.25614255,0.000760381,0.001193036,7.83E-06,0.000665,,,,,,,,
1963/12/15,0.000513,-0.000096,0.001122,0.000167,0.000859,0.252723,0.252114,0.253332,0.252377,0.253069,0.001186,0.256111,0.001566,0.25649,0.0011612,0.25608556,0.000696331,0.00132737,0.00204157,0.000677,,,,,,,,
1964/1/15,0.000878,0.000503,0.001254,0.000504,0.001253,0.253088,0.252712,0.253463,0.252714,0.253462,0.001515,0.256439,0.001218,0.256142,0.00143402,0.25635837,0.000734452,0.001287632,0.000978151,0.000704,,,,,,,,
1964/2/15,0.000718,0.000546,0.000891,0.000332,0.001105,0.252928,0.252755,0.253101,0.252541,0.253315,0.001402,0.256326,0.001401,0.256325,0.0012856,0.25620995,0.000558016,0.001232814,0.001078478,0.000733,,,,,,,,
1964/3/15,0.00065,0.00037,0.000931,0.000266,0.001035,0.25286,0.252579,0.25314,0.252475,0.253244,0.001396,0.25632,0.001419,0.256343,0.00141354,0.2563379,0.000749478,0.001220675,0.001460839,0.000796,,,,,,,,
1964/4/15,0.000129,-0.000128,0.000385,-0.000256,0.000514,0.252338,0.252082,0.252594,0.251953,0.252723,0.00104,0.255964,0.001185,0.256109,0.00114235,0.25606671,0.000875867,0.001217483,0.000491471,0.000691,,,,,,,,
1964/5/15,0.001054,0.000743,0.001365,0.000678,0.001429,0.253263,0.252952,0.253574,0.252888,0.253639,0.00106,0.255985,0.001141,0.256066,0.0011502,0.25607455,0.00077491,0.001196677,0.001234552,0.000645,,,,,,,,
1964/6/15,0.000298,0.000047,0.000549,-0.000077,0.000673,0.252507,0.252257,0.252758,0.252132,0.252882,0.000544,0.255468,0.000837,0.255761,0.00072528,0.25564964,0.000477924,0.001131359,0.000283452,0.000612,,,,,,,,
1964/7/15,0.000664,0.000257,0.001071,0.000301,0.001028,0.252874,0.252467,0.253281,0.25251,0.253237,0.000573,0.255497,0.000916,0.25584,0.00071625,0.2556406,0.000776502,0.001091702,0.000916957,0.000652,,,,,,,,
1964/8/15,0.000218,0.000034,0.000403,-0.000139,0.000576,0.252428,0.252243,0.252612,0.25207,0.252785,0.000989,0.255913,0.000608,0.255533,0.00089401,0.25581837,0.000847207,0.001094134,0.000234192,0.000754,,,,,,,,
1964/9/15,0.00045,0.000254,0.000646,0.000093,0.000806,0.252659,0.252463,0.252855,0.252303,0.253016,0.000793,0.255717,0.000581,0.255505,0.00084716,0.25577152,0.000789917,0.001153369,0.000374788,0.000815,,,,,,,,
1964/10/15,0.000707,0.000203,0.00121,0.000354,0.00106,0.252916,0.252413,0.253419,0.252563,0.253269,0.000876,0.255801,0.000687,0.255611,0.00086793,0.25579229,0.000808323,0.001208719,0.000624573,0.000884,,,,,,,,
1964/11/15,0.000781,0.000443,0.001118,0.000429,0.001132,0.25299,0.252653,0.253327,0.252638,0.253342,0.000266,0.25519,0.000631,0.255555,0.0005853,0.25550965,0.000908082,0.001180621,0.000365228,0.000924,,,,,,,,
1964/12/15,0.001075,0.000171,0.001979,0.000727,0.001423,0.253284,0.25238,0.254188,0.252936,0.253632,0.001134,0.256058,0.000807,0.255732,0.00101306,0.25593741,0.000659137,0.001160022,0.000713101,0.000962,,,,,,,,
1965/1/15,0.001044,0.000356,0.001732,0.000702,0.001387,0.253254,0.252566,0.253942,0.252911,0.253596,0.000649,0.255574,0.000026,0.25495,0.00060633,0.25553069,0.000737118,0.001067216,-0.000135119,0.001046,,,,,,,,
1965/2/15,0.000632,0.000331,0.000932,0.000287,0.000976,0.252841,0.25254,0.253142,0.252496,0.253186,0.000423,0.255348,-0.00003,0.254895,0.00044168,0.25536604,0.00077491,0.000984433,-0.000399174,0.001193,,,,,,,,
1965/3/15,0.000755,0.000484,0.001027,0.000402,0.001109,0.252965,0.252693,0.253237,0.252611,0.253319,0.000536,0.25546,0.000347,0.255271,0.00063886,0.25556322,0.00074779,0.001004889,0.000119975,0.001327,,,,,,,,
1965/4/15,0.000736,0.000483,0.000988,0.000375,0.001097,0.252945,0.252693,0.253197,0.252584,0.253306,0.00045,0.255374,0.00042,0.255344,0.00052194,0.2554463,0.000765212,0.001040959,0.000357596,0.001288,,,,,,,,
1965/5/15,0.00065,0.00017,0.001129,0.000283,0.001017,0.252859,0.25238,0.253339,0.252492,0.253227,0.000397,0.255321,0.000522,0.255446,0.00051936,0.25544372,0.000672643,0.001114522,0.000353284,0.001467,,,,,,,,
1965/6/15,0.0009,0.000658,0.001142,0.000526,0.001274,0.253109,0.252867,0.253351,0.252735,0.253483,0.000618,0.255542,0.000818,0.255742,0.00075206,0.25567642,0.000631393,0.001124868,0.001478747,0.00116,,,,,,,,
1965/7/15,0.0007,0.000503,0.000898,0.000323,0.001077,0.25291,0.252712,0.253107,0.252533,0.253287,0.001018,0.255942,0.000796,0.25572,0.00084346,0.25576782,0.0005076,0.001153796,0.000945247,0.001221,,,,,,,,
1965/8/15,0.000529,0.000352,0.000705,0.000159,0.000898,0.252738,0.252562,0.252914,0.252368,0.253107,0.00105,0.255974,0.000632,0.255557,0.00088583,0.25581019,0.000527806,0.001131044,0.00108533,0.001217,,,,,,,,
1965/9/15,0.000804,0.000537,0.001071,0.000431,0.001177,0.253013,0.252746,0.253281,0.252641,0.253386,0.000712,0.255636,0.000522,0.255446,0.000729,0.25565335,0.000685036,0.001173413,6.04E-05,0.001197,,,,,,,,
1965/10/15,0.00083,0.000414,0.001247,0.000453,0.001208,0.25304,0.252623,0.253456,0.252662,0.253417,0.000713,0.255637,0.000838,0.255762,0.00102862,0.25595297,0.001146966,0.001210808,-0.00020426,0.001131,,,,,,,,
1965/11/15,0.000404,0.00013,0.000678,0.000036,0.000772,0.252614,0.25234,0.252887,0.252245,0.252982,0.000548,0.255473,0.001196,0.256121,0.0007008,0.25562516,0.000732603,0.001194517,0.00149663,0.001092,,,,,,,,
1965/12/15,0.000738,0.000266,0.001209,0.000368,0.001108,0.252947,0.252476,0.253419,0.252577,0.253317,0.001123,0.256047,0.000687,0.255611,0.00089258,0.25581694,0.000925596,0.001221083,0.000734327,0.001094,,,,,,,,
1966/1/15,0.000567,0.00013,0.001004,0.000226,0.000908,0.252776,0.25234,0.253213,0.252435,0.253117,0.001176,0.256101,0.00061,0.255534,0.00112621,0.25605057,0.000869392,0.001076436,0.000515014,0.001153,,,,,,,,
1966/2/15,0.000218,-0.000168,0.000604,-0.000114,0.00055,0.252427,0.252042,0.252813,0.252096,0.252759,0.001015,0.25594,0.000359,0.255283,0.00079934,0.2557237,0.000869402,0.000977846,0.000473283,0.001209,,,,,,,,
1966/3/15,0.000227,-0.00023,0.000683,-0.000104,0.000558,0.252436,0.25198,0.252893,0.252105,0.252767,0.000718,0.255642,0.000654,0.255578,0.00066141,0.25558577,0.000853651,0.000942897,0.001545108,0.001181,,,,,,,,
1966/4/15,0.000148,-0.000259,0.000556,-0.000182,0.000478,0.252358,0.25195,0.252765,0.252028,0.252688,0.000735,0.255659,0.000432,0.255357,0.0007284,0.25565276,0.000827977,0.000951156,0.000582457,0.00116,,,,,,,,
1966/5/15,0.000384,-0.000085,0.000854,0.000057,0.000711,0.252594,0.252124,0.253063,0.252267,0.25292,0.000885,0.255809,0.000649,0.255574,0.00084216,0.25576652,0.001007088,0.000994984,0.001486236,0.001067,,,,,,,,
1966/6/15,0.000684,0.00036,0.001009,0.000363,0.001006,0.252894,0.25257,0.253218,0.252572,0.253216,0.000706,0.25563,0.000425,0.25535,0.00067054,0.25559489,0.000950228,0.001030087,0.000349842,0.000984,,,,,,,,
1966/7/15,0.000841,0.000616,0.001066,0.000523,0.001159,0.25305,0.252825,0.253275,0.252732,0.253368,0.001062,0.255987,0.000664,0.255589,0.00082453,0.25574889,0.000861327,0.001013615,0.000898272,0.001005,,,,,,,,
1966/8/15,0.000416,0.00015,0.000681,0.000094,0.000737,0.252625,0.25236,0.252891,0.252304,0.252946,0.000746,0.255671,0.000864,0.255789,0.00072854,0.2556529,0.000856006,0.000989317,0.00161091,0.001041,,,,,,,,
1966/9/15,0.000522,0.000209,0.000834,0.000196,0.000848,0.252731,0.252419,0.253044,0.252405,0.253057,0.000807,0.255732,0.000828,0.255752,0.00077289,0.25569725,0.001060785,0.000997137,0.001847447,0.001115,,,,,,,,
1966/10/15,0.000428,0.000149,0.000707,0.000105,0.000752,0.252638,0.252359,0.252917,0.252314,0.252962,0.000708,0.255632,0.000874,0.255798,0.00081376,0.25573811,0.001150985,0.001012527,0.001065233,0.001125,,,,,,,,
1966/11/15,0.000469,0.000094,0.000844,0.00015,0.000788,0.252678,0.252303,0.253053,0.252359,0.252997,0.001382,0.256306,0.000625,0.255549,0.00110946,0.25603381,0.001022158,0.001040347,0.000719711,0.001154,,,,,,,,
1966/12/15,0.000485,0.000273,0.000698,0.000169,0.000801,0.252694,0.252482,0.252907,0.252379,0.25301,0.001295,0.25622,0.000963,0.255887,0.00111927,0.25604363,0.001162788,0.001005896,0.000904385,0.001131,,,,,,,,
1967/1/15,0.000843,0.000382,0.001304,0.00053,0.001157,0.253053,0.252592,0.253514,0.252739,0.253366,0.000958,0.255882,0.000987,0.255912,0.00096216,0.25588651,0.001133341,0.000952548,0.001452007,0.001173,,,,,,,,
1967/2/15,0.000711,0.00042,0.001002,0.000402,0.001021,0.252921,0.25263,0.253212,0.252611,0.25323,0.000976,0.2559,0.00041,0.255334,0.00089119,0.25581555,0.001148772,0.000918184,0.000437741,0.001211,7.89E-05,-7.11E-05,4.32E-04,2.81E-04,1.77E-03,1.52E-03,6.46E-04,1.34E-03
1967/3/15,0.000648,0.000405,0.000891,0.000341,0.000954,0.252857,0.252614,0.2531,0.252551,0.253164,0.000891,0.255815,0.000439,0.255364,0.00077727,0.25570163,0.000853731,0.000898535,0.000592832,0.001195,7.89E-05,-7.11E-05,4.32E-04,2.81E-04,1.77E-03,1.52E-03,6.46E-04,1.34E-03
1967/4/15,0.00043,0.000255,0.000604,0.000123,0.000737,0.252639,0.252464,0.252814,0.252332,0.252946,0.000529,0.255453,0.000562,0.255487,0.00052185,0.25544621,0.001178036,0.000902943,0.000708575,0.001221,7.89E-05,-7.11E-05,4.32E-04,2.81E-04,1.77E-03,1.52E-03,6.46E-04,1.34E-03
1967/5/15,0.000706,0.000343,0.001069,0.000404,0.001009,0.252916,0.252553,0.253278,0.252613,0.253218,0.000626,0.255551,0.000202,0.255127,0.00051359,0.25543794,0.00109508,0.000929645,-0.000109239,0.001076,7.89E-05,-7.11E-05,4.32E-04,2.81E-04,1.77E-03,1.52E-03,6.46E-04,1.34E-03
1967/6/15,0.000483,0.000337,0.000629,0.000191,0.000775,0.252692,0.252546,0.252838,0.2524,0.252985,0.000645,0.255569,0.000461,0.255386,0.00061732,0.25554167,0.000987144,0.000993832,0.000771642,0.000978,7.89E-05,-7.11E-05,4.32E-04,2.81E-04,1.77E-03,1.52E-03,6.46E-04,1.34E-03
1967/7/15,0.000425,0.000145,0.000705,0.000137,0.000712,0.252634,0.252354,0.252914,0.252347,0.252921,0.000428,0.255353,0.000549,0.255473,0.00061148,0.25553584,0.001059556,0.001005753,0.000876388,0.000943,7.89E-05,-7.11E-05,4.32E-04,2.81E-04,1.77E-03,1.52E-03,6.46E-04,1.34E-03
1967/8/15,0.000657,0.000371,0.000942,0.000371,0.000942,0.252866,0.25258,0.253152,0.252581,0.253151,0.001027,0.255952,0.000724,0.255648,0.00096976,0.25589411,0.000974142,0.001015284,0.00137871,0.000951,7.89E-05,-7.11E-05,4.32E-04,2.81E-04,1.77E-03,1.52E-03,6.46E-04,1.34E-03
1967/9/15,0.000581,0.000366,0.000796,0.000297,0.000866,0.252791,0.252576,0.253006,0.252506,0.253075,0.00086,0.255785,0.000869,0.255794,0.00091254,0.25583689,0.001012621,0.00102304,0.002460047,0.000995,7.89E-05,-7.11E-05,4.32E-04,2.81E-04,1.77E-03,1.52E-03,6.46E-04,1.34E-03
1967/10/15,0.000473,0.000171,0.000776,0.000191,0.000756,0.252683,0.25238,0.252986,0.2524,0.252965,0.000653,0.255577,0.000594,0.255519,0.00071795,0.25564231,0.000945072,0.001024697,0.001475396,0.00103,7.89E-05,-7.11E-05,4.32E-04,2.81E-04,1.77E-03,1.52E-03,6.46E-04,1.34E-03
1967/11/15,0.000541,0.00034,0.000742,0.000258,0.000825,0.252751,0.25255,0.252952,0.252467,0.253034,0.001003,0.255928,0.000713,0.255637,0.00101471,0.25593907,0.000953235,0.00102646,0.001330313,0.001014,7.89E-05,-7.11E-05,4.32E-04,2.81E-04,1.77E-03,1.52E-03,6.46E-04,1.34E-03
1967/12/15,0.000354,-0.000053,0.000761,0.000079,0.00063,0.252564,0.252156,0.252971,0.252288,0.252839,0.000905,0.255829,0.000766,0.255691,0.00085687,0.25578123,0.001112943,0.001058931,0.001182255,0.000989,7.89E-05,-7.11E-05,4.32E-04,2.81E-04,1.77E-03,1.52E-03,6.46E-04,1.34E-03
1968/1/15,0.000855,0.000508,0.001203,0.000583,0.001128,0.253065,0.252717,0.253412,0.252792,0.253337,0.000956,0.25588,0.000601,0.255526,0.00097195,0.25589631,0.001256988,0.001007411,-0.000215081,0.000997,7.89E-05,-7.11E-05,4.32E-04,2.81E-04,1.77E-03,1.52E-03,6.46E-04,1.34E-03
1968/2/15,0.00093,0.000616,0.001245,0.000668,0.001192,0.25314,0.252825,0.253454,0.252877,0.253402,0.001046,0.255971,0.000519,0.255443,0.0008419,0.25576626,0.000884663,0.00087375,0.000501795,0.001013,3.59E-04,3.25E-04,4.50E-04,3.40E-04,1.66E-03,1.51E-03,8.58E-04,1.43E-03
1968/3/15,0.000408,-0.000061,0.000876,0.000147,0.000668,0.252617,0.252149,0.253085,0.252356,0.252878,0.000857,0.255781,0.00051,0.255434,0.00076241,0.25568676,0.000728103,0.00085491,0.000203395,0.00104,3.59E-04,3.25E-04,4.50E-04,3.40E-04,1.66E-03,1.51E-03,8.58E-04,1.43E-03
1968/4/15,0.000336,0.000041,0.00063,0.000077,0.000595,0.252545,0.252251,0.25284,0.252286,0.252804,0.000791,0.255716,0.000615,0.25554,0.00067895,0.2556033,0.000945588,0.000857403,0.000420521,0.001006,3.59E-04,3.25E-04,4.50E-04,3.40E-04,1.66E-03,1.51E-03,8.58E-04,1.43E-03
1968/5/15,0.000116,-0.000111,0.000344,-0.000142,0.000374,0.252326,0.252098,0.252553,0.252067,0.252584,0.001094,0.256018,0.000593,0.255517,0.00096255,0.25588691,0.000827052,0.000887984,0.000861826,0.000953,3.59E-04,3.25E-04,4.50E-04,3.40E-04,1.66E-03,1.51E-03,8.58E-04,1.43E-03
1968/6/15,0.000309,0.000102,0.000516,0.000054,0.000563,0.252518,0.252311,0.252725,0.252263,0.252773,0.001126,0.25605,0.00039,0.255314,0.00097766,0.25590201,0.000738967,0.000914595,0.000240817,0.000918,3.59E-04,3.25E-04,4.50E-04,3.40E-04,1.66E-03,1.51E-03,8.58E-04,1.43E-03
1968/7/15,0.000126,-0.000051,0.000302,-0.000131,0.000382,0.252335,0.252158,0.252512,0.252079,0.252591,0.001035,0.25596,0.000683,0.255608,0.00089716,0.25582152,0.000846073,0.000917523,0.000488243,0.000899,3.59E-04,3.25E-04,4.50E-04,3.40E-04,1.66E-03,1.51E-03,8.58E-04,1.43E-03
1968/8/15,0.000533,0.000288,0.000778,0.000281,0.000785,0.252742,0.252497,0.252987,0.25249,0.252994,0.000931,0.255855,0.000584,0.255509,0.00095765,0.255882,0.00097101,0.000940986,0.000198672,0.000903,3.59E-04,3.25E-04,4.50E-04,3.40E-04,1.66E-03,1.51E-03,8.58E-04,1.43E-03
1968/9/15,0.000337,0.000075,0.000599,0.000085,0.000589,0.252546,0.252284,0.252809,0.252294,0.252799,0.001037,0.255962,0.000753,0.255678,0.00116024,0.25608459,0.00106696,0.000988535,0.000840783,0.00093,3.59E-04,3.25E-04,4.50E-04,3.40E-04,1.66E-03,1.51E-03,8.58E-04,1.43E-03
1968/10/15,0.000786,0.000479,0.001092,0.000523,0.001049,0.252995,0.252688,0.253302,0.252732,0.253258,0.001402,0.256327,0.001338,0.256263,0.00145378,0.25637814,0.001045908,0.001018204,0.001926116,0.000994,3.59E-04,3.25E-04,4.50E-04,3.40E-04,1.66E-03,1.51E-03,8.58E-04,1.43E-03
1968/11/15,0.000203,0.000022,0.000384,-0.000053,0.00046,0.252413,0.252232,0.252594,0.252156,0.252669,0.001929,0.256854,0.001068,0.255992,0.00152312,0.25644748,0.001070397,0.000970392,0.001700068,0.001006,3.59E-04,3.25E-04,4.50E-04,3.40E-04,1.66E-03,1.51E-03,8.58E-04,1.43E-03
1968/12/15,0.000538,0.000394,0.000681,0.000282,0.000793,0.252747,0.252604,0.25289,0.252492,0.253002,0.001213,0.256137,0.001065,0.25599,0.001348,0.25627236,0.001175602,0.00098408,0.00052502,0.001015,3.59E-04,3.25E-04,4.50E-04,3.40E-04,1.66E-03,1.51E-03,8.58E-04,1.43E-03
1969/1/15,0.000199,-0.000012,0.000409,-0.00005,0.000447,0.252408,0.252198,0.252618,0.252159,0.252657,0.00119,0.256115,0.000887,0.255812,0.00128098,0.25620533,0.001219458,0.000886641,0.000875251,0.001023,3.59E-04,3.25E-04,4.50E-04,3.40E-04,1.66E-03,1.51E-03,8.58E-04,1.43E-03
1969/2/15,0,-0.000255,0.000254,-0.000245,0.000244,0.252209,0.251954,0.252464,0.251964,0.252454,0.001526,0.25645,0.001116,0.256041,0.00158989,0.25651425,0.000961236,0.000807024,0.001304651,0.001025,4.61E-04,4.07E-04,5.23E-04,4.35E-04,1.66E-03,1.32E-03,6.72E-04,1.65E-04
1969/3/15,0.000302,0.000096,0.000507,0.000062,0.000542,0.252511,0.252306,0.252717,0.252271,0.252751,0.001392,0.256316,0.001197,0.256121,0.00153037,0.25645473,0.000792816,0.000785313,0.000742819,0.001026,4.61E-04,4.07E-04,5.23E-04,4.35E-04,1.66E-03,1.32E-03,6.72E-04,1.65E-04
1969/4/15,0.000366,0.000212,0.00052,0.000135,0.000597,0.252576,0.252422,0.252729,0.252345,0.252806,0.001446,0.256371,0.001039,0.255964,0.00149858,0.25642294,0.00089691,0.000781687,0.001062084,0.001059,4.61E-04,4.07E-04,5.23E-04,4.35E-04,1.66E-03,1.32E-03,6.72E-04,1.65E-04
1969/5/15,0.000198,-0.000079,0.000475,-0.000029,0.000425,0.252407,0.25213,0.252684,0.25218,0.252634,0.001204,0.256128,0.0011,0.256025,0.00125714,0.2561815,0.000970305,0.000819043,0.001589006,0.001007,4.61E-04,4.07E-04,5.23E-04,4.35E-04,1.66E-03,1.32E-03,6.72E-04,1.65E-04
1969/6/15,0.000168,-0.000016,0.000351,-0.000072,0.000408,0.252377,0.252194,0.252561,0.252137,0.252617,0.001318,0.256242,0.001084,0.256008,0.00142189,0.25634625,0.001001342,0.000839017,0.002031439,0.001304,4.61E-04,4.07E-04,5.23E-04,4.35E-04,1.66E-03,1.32E-03,6.72E-04,1.65E-04
1969/7/15,0.000389,0.000208,0.000569,0.000148,0.000629,0.252598,0.252417,0.252779,0.252357,0.252839,0.001311,0.256236,0.001044,0.255969,0.00120212,0.25612648,0.001121915,0.000837883,0.001431523,0.00074,4.61E-04,4.07E-04,5.23E-04,4.35E-04,1.66E-03,1.32E-03,6.72E-04,1.65E-04
1969/8/15,0.000101,-0.000186,0.000387,-0.000148,0.000349,0.25231,0.252023,0.252597,0.252061,0.252559,0.001224,0.256149,0.000991,0.255916,0.00107793,0.25600229,0.000963457,0.000870372,0.002037158,0.000855,4.61E-04,4.07E-04,5.23E-04,4.35E-04,1.66E-03,1.32E-03,6.72E-04,1.65E-04
1969/9/15,-0.000033,-0.000508,0.000442,-0.000293,0.000227,0.252176,0.251701,0.252651,0.251916,0.252437,0.001107,0.256031,0.001054,0.255978,0.00106148,0.25598584,0.001048404,0.000893703,0.001650847,0.000857,4.61E-04,4.07E-04,5.23E-04,4.35E-04,1.66E-03,1.32E-03,6.72E-04,1.65E-04
1969/10/15,0.000101,-0.000043,0.000246,-0.000168,0.00037,0.252311,0.252166,0.252455,0.252042,0.25258,0.001272,0.256196,0.000964,0.255888,0.00106287,0.25598723,0.001080939,0.000886831,0.001128743,0.000888,4.61E-04,4.07E-04,5.23E-04,4.35E-04,1.66E-03,1.32E-03,6.72E-04,1.65E-04
1969/11/15,0.000593,0.000421,0.000765,0.000328,0.000858,0.252803,0.25263,0.252975,0.252537,0.253068,0.001361,0.256285,0.000976,0.255901,0.00114034,0.2560647,0.001032212,0.00080891,0.001129233,0.000915,4.61E-04,4.07E-04,5.23E-04,4.35E-04,1.66E-03,1.32E-03,6.72E-04,1.65E-04
1969/12/15,-0.000067,-0.000321,0.000186,-0.000334,0.0002,0.252142,0.251889,0.252396,0.251875,0.252409,0.000857,0.255782,0.000985,0.255909,0.0008624,0.25578676,0.001195054,0.000841545,0.001646858,0.000918,4.61E-04,4.07E-04,5.23E-04,4.35E-04,1.66E-03,1.32E-03,6.72E-04,1.65E-04
1970/1/15,0.000294,0.000047,0.000541,0.000025,0.000562,0.252503,0.252256,0.25275,0.252235,0.252771,0.000946,0.255871,0.000878,0.255802,0.00081346,0.25573782,0.000999694,0.000778721,0.000986954,0.000941,4.61E-04,4.07E-04,5.23E-04,4.35E-04,1.66E-03,1.32E-03,6.72E-04,1.65E-04
1970/2/15,-0.000012,-0.000214,0.000189,-0.00028,0.000256,0.252197,0.251996,0.252398,0.251929,0.252465,0.001026,0.25595,0.001038,0.255963,0.00094967,0.25587403,0.000979991,0.00074105,0.001672853,0.000989,5.80E-04,4.43E-04,6.53E-04,5.31E-04,1.65E-03,1.44E-03,1.00E-03,9.77E-04
1970/3/15,0.000158,-0.000093,0.000408,-0.000107,0.000422,0.252367,0.252117,0.252617,0.252103,0.252631,0.000656,0.25558,0.000534,0.255458,0.0006111,0.25553546,0.00112467,0.000717061,0.000773054,0.001018,5.80E-04,4.43E-04,6.53E-04,5.31E-04,1.65E-03,1.44E-03,1.00E-03,9.77E-04
1970/4/15,0.000356,0.000155,0.000556,0.00009,0.000621,0.252565,0.252365,0.252765,0.2523,0.25283,0.000731,0.255656,0.000875,0.2558,0.00072773,0.25565209,0.001149563,0.00071037,0.001803669,0.00097,5.80E-04,4.43E-04,6.53E-04,5.31E-04,1.65E-03,1.44E-03,1.00E-03,9.77E-04
1970/5/15,0.00088,0.000339,0.001421,0.000607,0.001154,0.25309,0.252549,0.25363,0.252816,0.253363,0.000722,0.255646,0.000664,0.255588,0.00064178,0.25556613,0.00138707,0.000743669,0.001494591,0.000984,5.80E-04,4.43E-04,6.53E-04,5.31E-04,1.65E-03,1.44E-03,1.00E-03,9.77E-04
1970/6/15,0.00027,0.00004,0.000499,-0.000004,0.000544,0.252479,0.25225,0.252708,0.252205,0.252753,0.000649,0.255573,0.000629,0.255554,0.00055087,0.25547523,0.001360484,0.000801421,0.001652952,0.000887,5.80E-04,4.43E-04,6.53E-04,5.31E-04,1.65E-03,1.44E-03,1.00E-03,9.77E-04
1970/7/15,0.000605,0.000235,0.000975,0.00033,0.00088,0.252814,0.252445,0.253184,0.252539,0.253089,0.00065,0.255574,0.000626,0.25555,0.00052286,0.25544722,0.001409098,0.000824774,0.001757402,0.000807,5.80E-04,4.43E-04,6.53E-04,5.31E-04,1.65E-03,1.44E-03,1.00E-03,9.77E-04
1970/8/15,0.000964,0.000444,0.001483,0.000687,0.00124,0.253173,0.252653,0.253692,0.252896,0.25345,0.00099,0.255914,0.0007,0.255624,0.00091462,0.25583897,0.000956862,0.000831913,0.001499051,0.000785,5.80E-04,4.43E-04,6.53E-04,5.31E-04,1.65E-03,1.44E-03,1.00E-03,9.77E-04
1970/9/15,-0.000034,-0.000508,0.00044,-0.000308,0.00024,0.252175,0.251702,0.252649,0.251902,0.252449,0.000754,0.255678,0.000972,0.255896,0.00080861,0.25573297,0.001192263,0.000833855,0.001934426,0.000782,5.80E-04,4.43E-04,6.53E-04,5.31E-04,1.65E-03,1.44E-03,1.00E-03,9.77E-04
1970/10/15,0.000446,0.000236,0.000655,0.000184,0.000708,0.252655,0.252445,0.252865,0.252393,0.252917,0.000993,0.255917,0.001028,0.255953,0.00097563,0.25589999,0.001071546,0.00080601,0.001437416,0.000819,5.80E-04,4.43E-04,6.53E-04,5.31E-04,1.65E-03,1.44E-03,1.00E-03,9.77E-04
1970/11/15,0.000489,0.000268,0.00071,0.000226,0.000752,0.252698,0.252477,0.25292,0.252435,0.252961,0.000947,0.255871,0.001067,0.255991,0.000951,0.25587536,0.001444015,0.000764364,0.001756514,0.000839,5.80E-04,4.43E-04,6.53E-04,5.31E-04,1.65E-03,1.44E-03,1.00E-03,9.77E-04
1970/12/15,0.000175,-0.000004,0.000355,-0.000095,0.000446,0.252385,0.252206,0.252564,0.252114,0.252656,0.00095,0.255874,0.001041,0.255965,0.00094697,0.25587133,0.001397172,0.000788071,0.001513628,0.000838,5.80E-04,4.43E-04,6.53E-04,5.31E-04,1.65E-03,1.44E-03,1.00E-03,9.77E-04
1971/1/15,0.000521,0.000321,0.000721,0.000238,0.000804,0.25273,0.25253,0.252931,0.252448,0.253013,0.000654,0.255578,0.000766,0.25569,0.00071942,0.25564377,0.001506171,0.000744225,0.000835049,0.00087,5.80E-04,4.43E-04,6.53E-04,5.31E-04,1.65E-03,1.44E-03,1.00E-03,9.77E-04
1971/2/15,0.000685,0.000513,0.000856,0.000398,0.000971,0.252894,0.252723,0.253065,0.252608,0.253181,0.000626,0.25555,0.000759,0.255683,0.00068098,0.25560534,0.001565571,0.000716935,0.001037977,0.000894,4.93E-04,3.05E-04,8.04E-04,5.10E-04,1.61E-03,1.64E-03,1.22E-03,2.13E-03
1971/3/15,0.000586,0.000362,0.000811,0.0003,0.000873,0.252796,0.252571,0.25302,0.252509,0.253082,0.000742,0.255667,0.000681,0.255605,0.00067943,0.25560379,0.001415521,0.000695178,0.001831921,0.000887,4.93E-04,3.05E-04,8.04E-04,5.10E-04,1.61E-03,1.64E-03,1.22E-03,2.13E-03
1971/4/15,0.00004,-0.000315,0.000395,-0.000244,0.000324,0.25225,0.251895,0.252604,0.251966,0.252534,0.000529,0.255454,0.000257,0.255181,0.00053016,0.25545451,0.001466162,0.000695715,0.001231567,0.000809,4.93E-04,3.05E-04,8.04E-04,5.10E-04,1.61E-03,1.64E-03,1.22E-03,2.13E-03
1971/5/15,0.000358,0.00007,0.000646,0.000077,0.000639,0.252567,0.25228,0.252855,0.252286,0.252849,0.00052,0.255445,0.000643,0.255567,0.00054145,0.2554658,0.001346081,0.000725554,0.001362244,0.000842,4.93E-04,3.05E-04,8.04E-04,5.10E-04,1.61E-03,1.64E-03,1.22E-03,2.13E-03
1971/6/15,0.00055,0.000341,0.000759,0.000283,0.000818,0.25276,0.252551,0.252968,0.252492,0.253027,0.000543,0.255467,0.000519,0.255443,0.00057086,0.25549521,0.001326831,0.000770646,0.001069515,0.000779,4.93E-04,3.05E-04,8.04E-04,5.10E-04,1.61E-03,1.64E-03,1.22E-03,2.13E-03
1971/7/15,0.000513,0.000295,0.00073,0.000243,0.000782,0.252722,0.252504,0.25294,0.252453,0.252991,0.000451,0.255375,0.000667,0.255591,0.00055904,0.25548339,0.001588125,0.00080627,0.001998007,0.000741,4.93E-04,3.05E-04,8.04E-04,5.10E-04,1.61E-03,1.64E-03,1.22E-03,2.13E-03
1971/8/15,0.000217,0.000001,0.000433,-0.000048,0.000481,0.252426,0.25221,0.252642,0.252162,0.252691,0.00089,0.255814,0.000689,0.255614,0.00086793,0.25579229,0.001443012,0.000817385,0.001526215,0.000717,4.93E-04,3.05E-04,8.04E-04,5.10E-04,1.61E-03,1.64E-03,1.22E-03,2.13E-03
1971/9/15,-0.000071,-0.000266,0.000124,-0.00032,0.000177,0.252138,0.251943,0.252333,0.251889,0.252387,0.000659,0.255583,0.00071,0.255635,0.00070861,0.25563296,0.001559427,0.000825374,0.000874015,0.00071,4.93E-04,3.05E-04,8.04E-04,5.10E-04,1.61E-03,1.64E-03,1.22E-03,2.13E-03
1971/10/15,0.000279,0.000113,0.000445,0.000035,0.000522,0.252488,0.252322,0.252654,0.252245,0.252732,0.000869,0.255793,0.000912,0.255836,0.0007291,0.25565346,0.001253736,0.000813473,0.001307693,0.000744,4.93E-04,3.05E-04,8.04E-04,5.10E-04,1.61E-03,1.64E-03,1.22E-03,2.13E-03
1971/11/15,0.000768,0.000404,0.001132,0.000526,0.00101,0.252977,0.252613,0.253342,0.252735,0.25322,0.000487,0.255411,0.000495,0.25542,0.00069306,0.25561742,0.00121353,0.000804727,0.000661009,0.000801,4.93E-04,3.05E-04,8.04E-04,5.10E-04,1.61E-03,1.64E-03,1.22E-03,2.13E-03
1971/12/15,0.000786,0.000247,0.001326,0.000546,0.001026,0.252996,0.252457,0.253535,0.252756,0.253236,0.000699,0.255623,0.00094,0.255864,0.00075363,0.25567799,0.000975541,0.000861222,0.00133857,0.000825,4.93E-04,3.05E-04,8.04E-04,5.10E-04,1.61E-03,1.64E-03,1.22E-03,2.13E-03
1972/1/15,0.000323,-0.000013,0.000658,0.000079,0.000566,0.252532,0.252196,0.252868,0.252289,0.252775,0.000793,0.255717,0.000773,0.255697,0.00094043,0.25586479,0.001259425,0.000813451,0.001126002,0.000832,4.93E-04,3.05E-04,8.04E-04,5.10E-04,1.61E-03,1.64E-03,1.22E-03,2.13E-03
1972/2/15,0.000414,0.000214,0.000614,0.000166,0.000662,0.252623,0.252423,0.252824,0.252376,0.252871,0.00103,0.255954,0.000996,0.255921,0.00086043,0.25578479,0.00132235,0.000717489,0.001999209,0.000834,6.93E-04,7.34E-04,9.29E-04,8.99E-04,1.70E-03,1.60E-03,1.25E-03,1.40E-03
1972/3/15,0.000537,0.000344,0.000731,0.000283,0.000791,0.252747,0.252554,0.25294,0.252493,0.253001,0.000895,0.255819,0.000501,0.255425,0.00077935,0.25570371,0.001231383,0.000707685,0.001076749,0.000806,6.93E-04,7.34E-04,9.29E-04,8.99E-04,1.70E-03,1.60E-03,1.25E-03,1.40E-03
1972/4/15,0.000311,0.000174,0.000448,0.000061,0.000561,0.25252,0.252384,0.252657,0.25227,0.25277,0.000893,0.255817,0.00083,0.255755,0.00082821,0.25575257,0.001080757,0.000723101,0.001841146,0.000764,6.93E-04,7.34E-04,9.29E-04,8.99E-04,1.70E-03,1.60E-03,1.25E-03,1.40E-03
1972/5/15,0.000229,0.000025,0.000433,-0.000015,0.000473,0.252438,0.252235,0.252642,0.252195,0.252682,0.000927,0.255852,0.000904,0.255828,0.00078895,0.2557133,0.001167452,0.00075879,0.002586227,0.000788,6.93E-04,7.34E-04,9.29E-04,8.99E-04,1.70E-03,1.60E-03,1.25E-03,1.40E-03
1972/6/15,0.000351,0.000074,0.000627,0.000099,0.000603,0.25256,0.252283,0.252836,0.252308,0.252812,0.001159,0.256083,0.000756,0.25568,0.00088831,0.25581267,0.001280163,0.000773808,0.001977362,0.000744,6.93E-04,7.34E-04,9.29E-04,8.99E-04,1.70E-03,1.60E-03,1.25E-03,1.40E-03
1972/7/15,0.000251,-0.000002,0.000504,-0.000003,0.000505,0.25246,0.252208,0.252713,0.252207,0.252714,0.000946,0.255871,0.000772,0.255696,0.00089881,0.25582317,0.001142316,0.000778132,0.001357598,0.000717,6.93E-04,7.34E-04,9.29E-04,8.99E-04,1.70E-03,1.60E-03,1.25E-03,1.40E-03
1972/8/15,0.000283,0.000141,0.000426,0.000032,0.000534,0.252493,0.25235,0.252635,0.252242,0.252744,0.001367,0.256291,0.00083,0.255754,0.00115551,0.25607987,0.001090762,0.000837958,0.002107864,0.000695,6.93E-04,7.34E-04,9.29E-04,8.99E-04,1.70E-03,1.60E-03,1.25E-03,1.40E-03
1972/9/15,0.000011,-0.000334,0.000357,-0.000238,0.00026,0.252221,0.251875,0.252566,0.251972,0.25247,0.000939,0.255863,0.000491,0.255415,0.00085054,0.2557749,0.001198716,0.000889245,0.001183883,0.000696,6.93E-04,7.34E-04,9.29E-04,8.99E-04,1.70E-03,1.60E-03,1.25E-03,1.40E-03
1972/10/15,0.000388,0.000204,0.000572,0.000142,0.000634,0.252598,0.252414,0.252781,0.252351,0.252844,0.001187,0.256111,0.000845,0.25577,0.00098835,0.25591271,0.000933519,0.000874583,0.001766946,0.000726,6.93E-04,7.34E-04,9.29E-04,8.99E-04,1.70E-03,1.60E-03,1.25E-03,1.40E-03
1972/11/15,0.000221,0.00006,0.000382,-0.000026,0.000468,0.25243,0.252269,0.252591,0.252183,0.252677,0.001028,0.255953,0.000707,0.255631,0.00097431,0.25589867,0.001133197,0.0008284,0.000846186,0.000771,6.93E-04,7.34E-04,9.29E-04,8.99E-04,1.70E-03,1.60E-03,1.25E-03,1.40E-03
1972/12/15,-0.000029,-0.000287,0.00023,-0.000268,0.00021,0.252181,0.251922,0.252439,0.251942,0.25242,0.002001,0.256926,0.001484,0.256409,0.00158395,0.25650831,0.000913038,0.0008108,0.002750924,0.000806,6.93E-04,7.34E-04,9.29E-04,8.99E-04,1.70E-03,1.60E-03,1.25E-03,1.40E-03
1973/1/15,0.000574,0.000263,0.000885,0.00035,0.000798,0.252783,0.252472,0.253094,0.252559,0.253007,0.001472,0.256396,0.000732,0.255656,0.00112485,0.25604921,0.001126023,0.000727201,0.001817886,0.000817,6.93E-04,7.34E-04,9.29E-04,8.99E-04,1.70E-03,1.60E-03,1.25E-03,1.40E-03
1973/2/15,0.000412,0.000093,0.00073,0.000194,0.000629,0.252621,0.252303,0.252939,0.252403,0.252839,0.001071,0.255996,0.000638,0.255562,0.00089709,0.25582145,0.000777941,0.000669422,0.001244301,0.000825,1.00E-03,1.31E-03,1.02E-03,9.79E-04,1.70E-03,1.42E-03,1.19E-03,1.60E-03
1973/3/15,0.000199,0.000063,0.000334,-0.000022,0.000419,0.252408,0.252273,0.252543,0.252187,0.252629,0.000682,0.255607,0.000358,0.255283,0.00065307,0.25557742,0.000652974,0.000642595,0.00115039,0.000813,1.00E-03,1.31E-03,1.02E-03,9.79E-04,1.70E-03,1.42E-03,1.19E-03,1.60E-03
1973/4/15,0.00062,0.00042,0.00082,0.000398,0.000842,0.252829,0.252629,0.25303,0.252607,0.253051,0.000906,0.25583,0.000548,0.255473,0.00089401,0.25581836,0.000370693,0.000636253,0.002255297,0.000805,1.00E-03,1.31E-03,1.02E-03,9.79E-04,1.70E-03,1.42E-03,1.19E-03,1.60E-03
1973/5/15,0.000422,-0.000064,0.000907,0.000193,0.00065,0.252631,0.252146,0.253116,0.252403,0.25286,0.001017,0.255942,0.000817,0.255741,0.00102042,0.25594478,0.000535466,0.000679279,0.002458316,0.000861,1.00E-03,1.31E-03,1.02E-03,9.79E-04,1.70E-03,1.42E-03,1.19E-03,1.60E-03
1973/6/15,0.000448,0.000202,0.000694,0.000214,0.000682,0.252657,0.252411,0.252903,0.252423,0.252892,0.001056,0.25598,0.000698,0.255622,0.00100583,0.25593019,0.001005875,0.00074074,0.001495772,0.000813,1.00E-03,1.31E-03,1.02E-03,9.79E-04,1.70E-03,1.42E-03,1.19E-03,1.60E-03
1973/7/15,0.000393,0.000235,0.000552,0.000162,0.000625,0.252603,0.252445,0.252761,0.252371,0.252834,0.001321,0.256246,0.000704,0.255629,0.00117592,0.25610028,0.000846613,0.000756296,0.001379972,0.001026,1.00E-03,1.31E-03,1.02E-03,9.79E-04,1.70E-03,1.42E-03,1.19E-03,1.60E-03
1973/8/15,0.00057,0.000402,0.000738,0.000339,0.000801,0.252779,0.252611,0.252948,0.252548,0.253011,0.001243,0.256167,0.000941,0.255865,0.00118381,0.25610817,0.001095342,0.000787914,0.00137111,0.000621,1.00E-03,1.31E-03,1.02E-03,9.79E-04,1.70E-03,1.42E-03,1.19E-03,1.60E-03
1973/9/15,0.000544,0.000416,0.000673,0.000307,0.000781,0.252754,0.252625,0.252882,0.252517,0.25299,0.001124,0.256048,0.001056,0.255981,0.00096715,0.25589151,0.000877429,0.000790745,0.002342093,0.000708,1.00E-03,1.31E-03,1.02E-03,9.79E-04,1.70E-03,1.42E-03,1.19E-03,1.60E-03
1973/10/15,0.000442,0.000258,0.000627,0.000212,0.000672,0.252652,0.252467,0.252836,0.252422,0.252882,0.000995,0.255919,0.001154,0.256078,0.0009434,0.25586776,0.000937355,0.000774792,0.001941294,0.000723,1.00E-03,1.31E-03,1.02E-03,9.79E-04,1.70E-03,1.42E-03,1.19E-03,1.60E-03
1973/11/15,0.000378,0.000205,0.000551,0.000147,0.00061,0.252588,0.252415,0.25276,0.252356,0.252819,0.0013,0.256224,0.000867,0.255792,0.00130669,0.25623105,0.000891518,0.000736493,0.001461077,0.000759,1.00E-03,1.31E-03,1.02E-03,9.79E-04,1.70E-03,1.42E-03,1.19E-03,1.60E-03
1973/12/15,0.000774,0.000595,0.000952,0.000541,0.001006,0.252983,0.252804,0.253162,0.25275,0.253216,0.001174,0.256098,0.000981,0.255906,0.00115928,0.25608364,0.000781296,0.000730419,0.001511939,0.000774,1.00E-03,1.31E-03,1.02E-03,9.79E-04,1.70E-03,1.42E-03,1.19E-03,1.60E-03
1974/1/15,0.000307,0.00012,0.000495,0.000072,0.000543,0.252517,0.25233,0.252704,0.252282,0.252752,0.001329,0.256253,0.00077,0.255694,0.00107486,0.25599922,0.000697162,0.000654976,0.001354502,0.000778,1.00E-03,1.31E-03,1.02E-03,9.79E-04,1.70E-03,1.42E-03,1.19E-03,1.60E-03
1974/2/15,0.000562,0.000296,0.000827,0.000332,0.000791,0.252771,0.252505,0.253037,0.252541,0.253,0.001044,0.255969,0.00079,0.255714,0.00089986,0.25582422,0.000617336,0.000620364,0.001360902,0.000838,1.26E-03,1.43E-03,1.07E-03,1.01E-03,1.72E-03,1.54E-03,1.39E-03,1.67E-03
1974/3/15,0.000629,0.000403,0.000855,0.000401,0.000856,0.252838,0.252613,0.253064,0.252611,0.253066,0.000968,0.255893,0.000725,0.255649,0.00096852,0.25589288,0.000522028,0.000617543,0.000929046,0.000889,1.26E-03,1.43E-03,1.07E-03,1.01E-03,1.72E-03,1.54E-03,1.39E-03,1.67E-03
1974/4/15,0.000752,0.00046,0.001044,0.000517,0.000987,0.252962,0.25267,0.253254,0.252727,0.253197,0.000974,0.255899,0.000989,0.255913,0.00094775,0.2558721,0.000550444,0.000618257,0.000954431,0.000875,1.26E-03,1.43E-03,1.07E-03,1.01E-03,1.72E-03,1.54E-03,1.39E-03,1.67E-03
1974/5/15,0.000492,0.000147,0.000838,0.000246,0.000738,0.252702,0.252356,0.253047,0.252456,0.252947,0.001167,0.256092,0.000764,0.255688,0.00102738,0.25595174,0.000713566,0.00066367,0.001643032,0.000828,1.26E-03,1.43E-03,1.07E-03,1.01E-03,1.72E-03,1.54E-03,1.39E-03,1.67E-03
1974/6/15,0.000573,0.000364,0.000782,0.000336,0.00081,0.252782,0.252573,0.252991,0.252546,0.253019,0.001084,0.256009,0.000992,0.255917,0.00109316,0.25601752,0.000686817,0.000702549,0.001322556,0.000811,1.26E-03,1.43E-03,1.07E-03,1.01E-03,1.72E-03,1.54E-03,1.39E-03,1.67E-03
1974/7/15,0.000779,0.00053,0.001028,0.000534,0.001024,0.252988,0.252739,0.253237,0.252743,0.253233,0.001052,0.255976,0.000725,0.255649,0.00099519,0.25591954,0.000860393,0.00071424,0.001016295,0.000727,1.26E-03,1.43E-03,1.07E-03,1.01E-03,1.72E-03,1.54E-03,1.39E-03,1.67E-03
1974/8/15,0.000329,0.000058,0.0006,0.000083,0.000574,0.252538,0.252267,0.252809,0.252293,0.252784,0.001167,0.256092,0.000946,0.25587,0.00116094,0.2560853,0.0008709,0.000707921,0.002110965,0.000669,1.26E-03,1.43E-03,1.07E-03,1.01E-03,1.72E-03,1.54E-03,1.39E-03,1.67E-03
1974/9/15,0.000389,0.000203,0.000575,0.000145,0.000633,0.252599,0.252413,0.252785,0.252355,0.252843,0.000785,0.255709,0.000843,0.255767,0.00090631,0.25583067,0.000833125,0.0006909,0.000775276,0.000643,1.26E-03,1.43E-03,1.07E-03,1.01E-03,1.72E-03,1.54E-03,1.39E-03,1.67E-03
1974/10/15,0.000319,0.000102,0.000536,0.000073,0.000564,0.252528,0.252311,0.252745,0.252283,0.252774,0.001271,0.256196,0.000946,0.255871,0.00118646,0.25611082,0.000189312,0.000675615,0.00210456,0.000636,1.26E-03,1.43E-03,1.07E-03,1.01E-03,1.72E-03,1.54E-03,1.39E-03,1.67E-03
1974/11/15,0.000612,0.000417,0.000806,0.000365,0.000858,0.252821,0.252627,0.253016,0.252575,0.253068,0.001269,0.256193,0.001035,0.25596,0.00117075,0.25609511,0.000405545,0.000679858,0.001202391,0.000679,1.26E-03,1.43E-03,1.07E-03,1.01E-03,1.72E-03,1.54E-03,1.39E-03,1.67E-03
1974/12/15,0.000553,0.000237,0.000869,0.000309,0.000797,0.252762,0.252446,0.253078,0.252518,0.253007,0.001484,0.256409,0.00097,0.255894,0.00109141,0.25601577,0.000583866,0.000793855,0.002219047,0.000741,1.26E-03,1.43E-03,1.07E-03,1.01E-03,1.72E-03,1.54E-03,1.39E-03,1.67E-03
1975/1/15,0.000333,0.00016,0.000506,0.000083,0.000584,0.252543,0.25237,0.252716,0.252292,0.252793,0.000981,0.255905,0.000665,0.255589,0.00080984,0.2557342,0.000655958,0.000715966,0.00140758,0.000756,1.26E-03,1.43E-03,1.07E-03,1.01E-03,1.72E-03,1.54E-03,1.39E-03,1.67E-03
1975/2/15,0.00033,0.000063,0.000597,0.000072,0.000588,0.25254,0.252272,0.252807,0.252281,0.252798,0.001023,0.255948,0.001075,0.255999,0.0010448,0.25596916,0.000123056,0.000708297,0.001568951,0.000788,7.66E-04,7.56E-04,1.06E-03,8.77E-04,1.59E-03,1.52E-03,1.34E-03,1.79E-03
1975/3/15,0.00031,-0.000004,0.000624,0.000056,0.000564,0.252519,0.252205,0.252834,0.252266,0.252773,0.001292,0.256217,0.001082,0.256006,0.0011283,0.25605266,0.000345725,0.00068428,0.001972027,0.000791,7.66E-04,7.56E-04,1.06E-03,8.77E-04,1.59E-03,1.52E-03,1.34E-03,1.79E-03
1975/4/15,0.000535,0.000069,0.001,0.000279,0.00079,0.252744,0.252279,0.253209,0.252488,0.253,0.001012,0.255936,0.000778,0.255703,0.00092057,0.25584493,6.27E-05,0.000696473,0.000787317,0.000775,7.66E-04,7.56E-04,1.06E-03,8.77E-04,1.59E-03,1.52E-03,1.34E-03,1.79E-03
1975/5/15,0.00055,0.000285,0.000815,0.000299,0.000801,0.252759,0.252495,0.253024,0.252508,0.253011,0.001015,0.255939,0.000788,0.255712,0.00085926,0.25578361,0.000403126,0.000740868,0.000943746,0.000736,7.66E-04,7.56E-04,1.06E-03,8.77E-04,1.59E-03,1.52E-03,1.34E-03,1.79E-03
1975/6/15,0.000777,0.000332,0.001221,0.000526,0.001027,0.252986,0.252541,0.25343,0.252736,0.253236,0.001188,0.256113,0.000792,0.255716,0.0009667,0.25589105,0.000259801,0.000768671,0.002887525,0.00073,7.66E-04,7.56E-04,1.06E-03,8.77E-04,1.59E-03,1.52E-03,1.34E-03,1.79E-03
1975/7/15,0.000594,0.00042,0.000768,0.000343,0.000845,0.252804,0.25263,0.252977,0.252552,0.253055,0.001248,0.256172,0.000825,0.255749,0.00106702,0.25599138,0.000438334,0.000787323,0.002757182,0.000655,7.66E-04,7.56E-04,1.06E-03,8.77E-04,1.59E-03,1.52E-03,1.34E-03,1.79E-03
1975/8/15,0.000188,0.00006,0.000316,-0.000067,0.000443,0.252397,0.25227,0.252525,0.252142,0.252652,0.001475,0.256399,0.000751,0.255676,0.00111207,0.25603643,0.000776544,0.000804473,0.002064079,0.00062,7.66E-04,7.56E-04,1.06E-03,8.77E-04,1.59E-03,1.52E-03,1.34E-03,1.79E-03
1975/9/15,0.000179,0.000011,0.000348,-0.000075,0.000434,0.252389,0.252221,0.252557,0.252134,0.252643,0.001229,0.256153,0.000853,0.255778,0.00116364,0.256088,0.000600839,0.000794146,0.002264975,0.000618,7.66E-04,7.56E-04,1.06E-03,8.77E-04,1.59E-03,1.52E-03,1.34E-03,1.79E-03
1975/10/15,0.000649,0.000445,0.000853,0.000395,0.000903,0.252858,0.252654,0.253063,0.252604,0.253112,0.001438,0.256362,0.000988,0.255913,0.00108876,0.25601312,0.000385167,0.000786526,0.002404642,0.000618,7.66E-04,7.56E-04,1.06E-03,8.77E-04,1.59E-03,1.52E-03,1.34E-03,1.79E-03
1975/11/15,0.000502,0.000379,0.000625,0.000248,0.000756,0.252711,0.252589,0.252834,0.252457,0.252966,0.00171,0.256635,0.001291,0.256216,0.00144358,0.25636793,0.000554391,0.000802352,0.00186177,0.000664,7.66E-04,7.56E-04,1.06E-03,8.77E-04,1.59E-03,1.52E-03,1.34E-03,1.79E-03
1975/12/15,0.000976,0.000645,0.001308,0.000717,0.001235,0.253186,0.252854,0.253517,0.252926,0.253445,0.001067,0.255992,0.000858,0.255782,0.00121544,0.2561398,0.000507001,0.000837769,0.00079695,0.000703,7.66E-04,7.56E-04,1.06E-03,8.77E-04,1.59E-03,1.52E-03,1.34E-03,1.79E-03
1976/1/15,0.000868,0.000497,0.001239,0.000616,0.00112,0.253077,0.252707,0.253448,0.252825,0.25333,0.000897,0.255821,0.001241,0.256166,0.00125038,0.25617474,0.000595741,0.000742123,0.000858608,0.000714,7.66E-04,7.56E-04,1.06E-03,8.77E-04,1.59E-03,1.52E-03,1.34E-03,1.79E-03
1976/2/15,0.00044,0.000284,0.000597,0.000183,0.000698,0.25265,0.252493,0.252806,0.252392,0.252907,0.001322,0.256246,0.00095,0.255874,0.00124951,0.25617386,0.000940039,0.00067617,0.001061231,0.000708,5.24E-04,5.95E-04,9.69E-04,8.66E-04,1.52E-03,1.88E-03,1.61E-03,2.74E-03
1976/3/15,0.000491,0.000223,0.00076,0.000236,0.000747,0.252701,0.252432,0.252969,0.252445,0.252956,0.001053,0.255977,0.000929,0.255853,0.00118962,0.25611398,0.000511546,0.000660317,0.001600639,0.000691,5.24E-04,5.95E-04,9.69E-04,8.66E-04,1.52E-03,1.88E-03,1.61E-03,2.74E-03
1976/4/15,0.000796,0.000606,0.000985,0.000546,0.001046,0.253005,0.252816,0.253195,0.252755,0.253256,0.000964,0.255888,0.000584,0.255509,0.00088108,0.25580544,0.000931196,0.000678428,0.000808425,0.000676,5.24E-04,5.95E-04,9.69E-04,8.66E-04,1.52E-03,1.88E-03,1.61E-03,2.74E-03
1976/5/15,0.000774,0.000449,0.001099,0.000532,0.001016,0.252984,0.252658,0.253309,0.252742,0.253225,0.000586,0.255511,0.000785,0.255709,0.00071861,0.25564297,0.00092326,0.000717814,0.00027375,0.00068,5.24E-04,5.95E-04,9.69E-04,8.66E-04,1.52E-03,1.88E-03,1.61E-03,2.74E-03
1976/6/15,0.00047,0.00024,0.0007,0.000225,0.000714,0.252679,0.252449,0.25291,0.252435,0.252924,0.000596,0.25552,0.00074,0.255665,0.00072214,0.25564649,0.000990353,0.000736344,0.000784409,0.000794,5.24E-04,5.95E-04,9.69E-04,8.66E-04,1.52E-03,1.88E-03,1.61E-03,2.74E-03
1976/7/15,0.000755,0.000421,0.00109,0.000516,0.000994,0.252965,0.25263,0.253299,0.252726,0.253204,0.000582,0.255506,0.000453,0.255378,0.00070945,0.25563381,0.001315263,0.000755063,0.001303113,0.000716,5.24E-04,5.95E-04,9.69E-04,8.66E-04,1.52E-03,1.88E-03,1.61E-03,2.74E-03
1976/8/15,0.000084,-0.000179,0.000348,-0.000154,0.000322,0.252294,0.25203,0.252557,0.252055,0.252532,0.000724,0.255648,0.000638,0.255563,0.00066623,0.25559058,0.001498452,0.000772452,0.001127846,0.000708,5.24E-04,5.95E-04,9.69E-04,8.66E-04,1.52E-03,1.88E-03,1.61E-03,2.74E-03
1976/9/15,0.00026,0.000087,0.000433,0.000016,0.000503,0.252469,0.252296,0.252642,0.252226,0.252713,0.001095,0.25602,0.000742,0.255667,0.00105773,0.25598209,0.001485517,0.000800494,0.001104215,0.000684,5.24E-04,5.95E-04,9.69E-04,8.66E-04,1.52E-03,1.88E-03,1.61E-03,2.74E-03
1976/10/15,0.000344,0.000125,0.000564,0.0001,0.000588,0.252554,0.252334,0.252773,0.252309,0.252798,0.000914,0.255839,0.000878,0.255802,0.0010858,0.25601016,0.001568637,0.000770122,0.000838904,0.000696,5.24E-04,5.95E-04,9.69E-04,8.66E-04,1.52E-03,1.88E-03,1.61E-03,2.74E-03
1976/11/15,0.000428,0.000111,0.000746,0.000179,0.000678,0.252638,0.25232,0.252955,0.252389,0.252887,0.000972,0.255896,0.001097,0.256022,0.00112012,0.25604448,0.001781817,0.000775825,0.001014604,0.000741,5.24E-04,5.95E-04,9.69E-04,8.66E-04,1.52E-03,1.88E-03,1.61E-03,2.74E-03
1976/12/15,0.000544,0.000395,0.000694,0.000292,0.000796,0.252754,0.252604,0.252903,0.252502,0.253006,0.000484,0.255408,0.000814,0.255738,0.00084684,0.2557712,0.001350103,0.000716933,0.001513218,0.000769,5.24E-04,5.95E-04,9.69E-04,8.66E-04,1.52E-03,1.88E-03,1.61E-03,2.74E-03
1977/1/15,0.000443,0.000147,0.000739,0.000199,0.000688,0.252653,0.252357,0.252948,0.252408,0.252897,0.000761,0.255686,0.000512,0.255436,0.00076209,0.25568645,0.001279184,0.000608931,0.001064837,0.000787,5.24E-04,5.95E-04,9.69E-04,8.66E-04,1.52E-03,1.88E-03,1.61E-03,2.74E-03
1977/2/15,0.000401,0.00018,0.000623,0.000161,0.000641,0.252611,0.252389,0.252832,0.25237,0.252851,0.000606,0.25553,0.000626,0.25555,0.00055691,0.25548127,0.001149302,0.000585444,0.000409594,0.000804,5.05E-04,3.41E-04,8.12E-04,6.55E-04,1.34E-03,1.33E-03,9.23E-04,1.77E-03
1977/3/15,0.000117,-0.00007,0.000303,-0.000129,0.000362,0.252326,0.25214,0.252512,0.252081,0.252571,0.000525,0.255449,0.000567,0.255492,0.00044879,0.25537315,0.001263004,0.000555463,0.001550937,0.000794,5.05E-04,3.41E-04,8.12E-04,6.55E-04,1.34E-03,1.33E-03,9.23E-04,1.77E-03
1977/4/15,0.000705,0.000441,0.000969,0.000455,0.000955,0.252914,0.25265,0.253178,0.252664,0.253165,0.000468,0.255392,0.000714,0.255638,0.00058746,0.25551182,0.001271998,0.00058575,0.000266852,0.000787,5.05E-04,3.41E-04,8.12E-04,6.55E-04,1.34E-03,1.33E-03,9.23E-04,1.77E-03
1977/5/15,0.000392,0.000063,0.000721,0.000143,0.000642,0.252602,0.252273,0.252931,0.252352,0.252852,0.000462,0.255387,0.001009,0.255933,0.00051879,0.25544314,0.001346456,0.000618175,0.002469582,0.000802,5.05E-04,3.41E-04,8.12E-04,6.55E-04,1.34E-03,1.33E-03,9.23E-04,1.77E-03
1977/6/15,0.000016,-0.000296,0.000328,-0.000226,0.000258,0.252225,0.251914,0.252537,0.251983,0.252468,0.000692,0.255616,0.000413,0.255337,0.00069039,0.25561475,0.001484168,0.000657997,0.000237875,0.000838,5.05E-04,3.41E-04,8.12E-04,6.55E-04,1.34E-03,1.33E-03,9.23E-04,1.77E-03
1977/7/15,0.000398,0.000245,0.000551,0.000159,0.000637,0.252607,0.252454,0.25276,0.252369,0.252846,0.000513,0.255437,0.000538,0.255462,0.00062472,0.25554907,0.001351279,0.000710263,0.000390821,0.000742,5.05E-04,3.41E-04,8.12E-04,6.55E-04,1.34E-03,1.33E-03,9.23E-04,1.77E-03
1977/8/15,0.000085,-0.000173,0.000343,-0.000148,0.000318,0.252294,0.252036,0.252553,0.252061,0.252528,0.000379,0.255303,0.000845,0.255769,0.00062179,0.25554615,0.001331278,0.000703342,0.001425448,0.000927,5.05E-04,3.41E-04,8.12E-04,6.55E-04,1.34E-03,1.33E-03,9.23E-04,1.77E-03
1977/9/15,0.000433,0.000246,0.000619,0.000205,0.00066,0.252642,0.252456,0.252828,0.252414,0.25287,0.000486,0.255411,0.00071,0.255634,0.00057569,0.25550004,0.001145567,0.00068186,0.001092405,0.000598,5.05E-04,3.41E-04,8.12E-04,6.55E-04,1.34E-03,1.33E-03,9.23E-04,1.77E-03
1977/10/15,0.000321,-0.000003,0.000645,0.000093,0.000549,0.252531,0.252207,0.252854,0.252303,0.252758,0.000698,0.255622,0.000261,0.255185,0.00032411,0.25524847,0.001125956,0.000665151,0.000325366,0.00066,5.05E-04,3.41E-04,8.12E-04,6.55E-04,1.34E-03,1.33E-03,9.23E-04,1.77E-03
1977/11/15,0.000224,0.000036,0.000412,-0.000003,0.000452,0.252434,0.252246,0.252622,0.252206,0.252661,0.000201,0.255126,0.000858,0.255782,0.00036941,0.25529377,0.000939917,0.00068307,0.00161416,0.000678,5.05E-04,3.41E-04,8.12E-04,6.55E-04,1.34E-03,1.33E-03,9.23E-04,1.77E-03
1977/12/15,0.000478,0.000325,0.000632,0.000256,0.0007,0.252687,0.252534,0.252841,0.252466,0.252909,0.000404,0.255328,0.000751,0.255676,0.00055592,0.25548028,0.000624078,0.000658401,0.001312485,0.000718,5.05E-04,3.41E-04,8.12E-04,6.55E-04,1.34E-03,1.33E-03,9.23E-04,1.77E-03
1978/1/15,0.000606,0.000341,0.000872,0.000384,0.000828,0.252816,0.25255,0.253081,0.252594,0.253038,0.000326,0.25525,0.000286,0.255211,0.00036508,0.25528944,0.000850662,0.000568567,-0.000160777,0.000736,5.05E-04,3.41E-04,8.12E-04,6.55E-04,1.34E-03,1.33E-03,9.23E-04,1.77E-03
1978/2/15,0.000051,-0.000227,0.000329,-0.000165,0.000267,0.25226,0.251982,0.252538,0.252044,0.252476,0.000128,0.255053,0.000111,0.255036,0.00016463,0.25508899,0.000895479,0.000514123,-0.000461799,0.000755,2.98E-04,5.99E-06,6.31E-04,2.77E-04,1.19E-03,1.32E-03,1.12E-03,1.61E-03
1978/3/15,0.000443,0.000056,0.000831,0.000228,0.000658,0.252653,0.252265,0.25304,0.252438,0.252867,0.00012,0.255045,0.000469,0.255393,0.00010878,0.25503313,0.000869064,0.000475598,-0.00011354,0.000772,2.98E-04,5.99E-06,6.31E-04,2.77E-04,1.19E-03,1.32E-03,1.12E-03,1.61E-03
1978/4/15,0.000204,0.000024,0.000384,-0.000009,0.000418,0.252414,0.252233,0.252594,0.2522,0.252627,0.000255,0.255179,0.000183,0.255107,0.00023337,0.25515773,0.001081546,0.000488018,7.89E-05,0.0008,2.98E-04,5.99E-06,6.31E-04,2.77E-04,1.19E-03,1.32E-03,1.12E-03,1.61E-03
1978/5/15,0.000593,0.000452,0.000733,0.000384,0.000802,0.252802,0.252662,0.252943,0.252594,0.253011,0.000254,0.255179,0.000237,0.255161,0.00015015,0.2550745,0.000987124,0.000514564,0.000234785,0.00077,2.98E-04,5.99E-06,6.31E-04,2.77E-04,1.19E-03,1.32E-03,1.12E-03,1.61E-03
1978/6/15,0.000417,0.000269,0.000566,0.000215,0.000619,0.252627,0.252478,0.252775,0.252425,0.252829,0.000564,0.255489,0.000573,0.255497,0.00033289,0.25525725,0.000947877,0.000539059,0.002034934,0.000776,2.98E-04,5.99E-06,6.31E-04,2.77E-04,1.19E-03,1.32E-03,1.12E-03,1.61E-03
1978/7/15,0.000681,0.000475,0.000887,0.000488,0.000875,0.252891,0.252685,0.253097,0.252697,0.253084,0.00061,0.255534,0.000628,0.255552,0.00053998,0.25546433,0.000846932,0.000587541,0.000656407,0.000717,2.98E-04,5.99E-06,6.31E-04,2.77E-04,1.19E-03,1.32E-03,1.12E-03,1.61E-03
1978/8/15,0.000435,0.000308,0.000561,0.00024,0.00063,0.252644,0.252518,0.252771,0.252449,0.252839,0.000419,0.255343,0.000723,0.255647,0.00061794,0.2555423,0.000702074,0.000572205,0.000395528,0.000609,2.98E-04,5.99E-06,6.31E-04,2.77E-04,1.19E-03,1.32E-03,1.12E-03,1.61E-03
1978/9/15,0.000395,0.000219,0.000571,0.000201,0.000589,0.252604,0.252429,0.25278,0.25241,0.252799,0.000704,0.255629,0.000834,0.255759,0.00063935,0.25556371,0.000926964,0.000576878,0.0018168,0.000585,2.98E-04,5.99E-06,6.31E-04,2.77E-04,1.19E-03,1.32E-03,1.12E-03,1.61E-03
1978/10/15,0.000682,0.000473,0.000891,0.000486,0.000878,0.252892,0.252683,0.2531,0.252695,0.253088,0.000937,0.255862,0.00047,0.255394,0.0006146,0.25553896,0.000626093,0.000573413,0.000754305,0.000555,2.98E-04,5.99E-06,6.31E-04,2.77E-04,1.19E-03,1.32E-03,1.12E-03,1.61E-03
1978/11/15,0.000464,0.000275,0.000653,0.000274,0.000654,0.252673,0.252485,0.252862,0.252483,0.252864,0.00054,0.255464,0.000436,0.25536,0.00041141,0.25533577,0.000735201,0.000530855,0.000795285,0.000586,2.98E-04,5.99E-06,6.31E-04,2.77E-04,1.19E-03,1.32E-03,1.12E-03,1.61E-03
1978/12/15,0.000385,0.000236,0.000533,0.000196,0.000573,0.252594,0.252445,0.252743,0.252405,0.252783,0.000661,0.255585,0.000369,0.255293,0.00056295,0.25548731,0.000980676,0.000489425,0.000605102,0.000618,2.98E-04,5.99E-06,6.31E-04,2.77E-04,1.19E-03,1.32E-03,1.12E-03,1.61E-03
1979/1/15,0.000407,0.000259,0.000556,0.000206,0.000609,0.252617,0.252468,0.252765,0.252415,0.252818,0.000685,0.255609,0.000204,0.255129,0.00043356,0.25535791,0.00115835,0.000475189,0.000908233,0.000658,2.98E-04,5.99E-06,6.31E-04,2.77E-04,1.19E-03,1.32E-03,1.12E-03,1.61E-03
1979/2/15,0.000404,0.000208,0.000601,0.000205,0.000604,0.252614,0.252417,0.25281,0.252414,0.252813,0.00057,0.255494,0.000268,0.255192,0.0003079,0.25523226,0.000668381,0.000452678,0.000594778,0.00071,-1.69E-05,-3.78E-04,4.73E-04,-8.93E-05,9.90E-04,1.11E-03,9.29E-04,1.22E-03
1979/3/15,0.000232,0.000077,0.000387,0.000031,0.000434,0.252442,0.252286,0.252597,0.25224,0.252643,0.000674,0.255599,0.000465,0.25539,0.00064349,0.25556785,0.00062571,0.000434194,0.001145893,0.000703,-1.69E-05,-3.78E-04,4.73E-04,-8.93E-05,9.90E-04,1.11E-03,9.29E-04,1.22E-03
1979/4/15,0.000378,0.000227,0.000528,0.000187,0.000568,0.252587,0.252437,0.252738,0.252397,0.252777,0.000682,0.255606,0.000641,0.255565,0.00077034,0.2556947,0.000577928,0.000420399,0.001169027,0.000682,-1.69E-05,-3.78E-04,4.73E-04,-8.93E-05,9.90E-04,1.11E-03,9.29E-04,1.22E-03
1979/5/15,0.000072,-0.000097,0.000241,-0.000118,0.000262,0.252281,0.252112,0.252451,0.252092,0.252471,0.00061,0.255534,0.000607,0.255531,0.00072145,0.2556458,0.00083698,0.000413435,0.000496908,0.000665,-1.69E-05,-3.78E-04,4.73E-04,-8.93E-05,9.90E-04,1.11E-03,9.29E-04,1.22E-03
1979/6/15,-0.000003,-0.000109,0.000103,-0.000194,0.000188,0.252206,0.2521,0.252312,0.252015,0.252397,0.000518,0.255443,0.000668,0.255592,0.00065984,0.2555842,0.000994194,0.000458718,0.000574868,0.000683,-1.69E-05,-3.78E-04,4.73E-04,-8.93E-05,9.90E-04,1.11E-03,9.29E-04,1.22E-03
1979/7/15,0.000296,0.000103,0.00049,0.000104,0.000488,0.252506,0.252312,0.252699,0.252314,0.252697,0.00045,0.255374,0.000666,0.25559,0.00059425,0.25551861,0.001051943,0.000483917,0.001762268,0.000658,-1.69E-05,-3.78E-04,4.73E-04,-8.93E-05,9.90E-04,1.11E-03,9.29E-04,1.22E-03
1979/8/15,0.00063,0.000391,0.000869,0.00044,0.00082,0.252839,0.252601,0.253078,0.252649,0.25303,0.000723,0.255647,0.000373,0.255297,0.00058769,0.25551205,0.001178815,0.00048071,0.001397768,0.000569,-1.69E-05,-3.78E-04,4.73E-04,-8.93E-05,9.90E-04,1.11E-03,9.29E-04,1.22E-03
1979/9/15,0.000125,-0.000105,0.000354,-0.000068,0.000317,0.252334,0.252104,0.252564,0.252142,0.252526,0.000554,0.255478,0.000478,0.255402,0.00061434,0.2555387,0.001266069,0.000446171,0.001664322,0.000514,-1.69E-05,-3.78E-04,4.73E-04,-8.93E-05,9.90E-04,1.11E-03,9.29E-04,1.22E-03
1979/10/15,0.000345,0.000161,0.000528,0.000154,0.000535,0.252554,0.25237,0.252738,0.252363,0.252745,0.000592,0.255516,0.000465,0.255389,0.00049024,0.2554146,0.001104068,0.000455413,0.001137162,0.000476,-1.69E-05,-3.78E-04,4.73E-04,-8.93E-05,9.90E-04,1.11E-03,9.29E-04,1.22E-03
1979/11/15,0.000286,0.000138,0.000435,0.0001,0.000473,0.252496,0.252348,0.252644,0.252309,0.252682,0.000547,0.255471,0.000159,0.255083,0.0004233,0.25534766,0.001231782,0.000437177,0.00053739,0.000488,-1.69E-05,-3.78E-04,4.73E-04,-8.93E-05,9.90E-04,1.11E-03,9.29E-04,1.22E-03
1979/12/15,0.000317,-0.000145,0.000779,0.000134,0.000501,0.252527,0.252065,0.252989,0.252344,0.25271,0.000218,0.255143,0.000445,0.255369,0.00004831,0.25497266,0.001015226,0.000435194,0.002134828,0.000515,-1.69E-05,-3.78E-04,4.73E-04,-8.93E-05,9.90E-04,1.11E-03,9.29E-04,1.22E-03
1980/1/15,0.000059,-0.000156,0.000273,-0.000128,0.000245,0.252268,0.252054,0.252483,0.252082,0.252455,0.000533,0.255458,0.000365,0.255289,0.00033129,0.25525565,0.001120883,0.000403559,0.001765471,0.000539,-1.69E-05,-3.78E-04,4.73E-04,-8.93E-05,9.90E-04,1.11E-03,9.29E-04,1.22E-03
1980/2/15,0.000085,-0.000247,0.000417,-0.000105,0.000275,0.252295,0.251962,0.252627,0.252104,0.252485,0.000029,0.254954,0.0001,0.255025,0.00004833,0.25497269,0.001097216,0.000320762,0.000699707,0.000588,-1.79E-04,-2.77E-04,3.71E-04,-1.57E-04,1.08E-03,1.04E-03,9.92E-04,9.25E-04
1980/3/15,0.000122,0.000005,0.000238,-0.000066,0.00031,0.252331,0.252215,0.252448,0.252143,0.252519,-0.000217,0.254708,-0.000119,0.254806,-0.00022191,0.25470245,0.00104659,0.000320728,-0.000201278,0.000572,-1.79E-04,-2.77E-04,3.71E-04,-1.57E-04,1.08E-03,1.04E-03,9.92E-04,9.25E-04
1980/4/15,0.000236,0.000073,0.000399,0.00005,0.000423,0.252445,0.252282,0.252609,0.252259,0.252632,-0.000165,0.25476,0.000044,0.254969,-0.00006978,0.25485458,0.001010265,0.000327539,0.000456528,0.000577,-1.79E-04,-2.77E-04,3.71E-04,-1.57E-04,1.08E-03,1.04E-03,9.92E-04,9.25E-04
1980/5/15,0.000263,0.000095,0.000432,0.000066,0.00046,0.252473,0.252304,0.252641,0.252275,0.25267,0.000221,0.255145,0.000239,0.255163,0.00015145,0.25507581,0.001034904,0.000336143,0.001266994,0.000573,-1.79E-04,-2.77E-04,3.71E-04,-1.57E-04,1.08E-03,1.04E-03,9.92E-04,9.25E-04
1980/6/15,0.000234,0.000062,0.000405,0.000027,0.000441,0.252443,0.252272,0.252615,0.252236,0.25265,0.000001,0.254925,0.000061,0.254986,0.00006744,0.25499179,0.001111703,0.000346535,0.001210136,0.000531,-1.79E-04,-2.77E-04,3.71E-04,-1.57E-04,1.08E-03,1.04E-03,9.92E-04,9.25E-04
1980/7/15,0.000512,0.000346,0.000678,0.000305,0.00072,0.252722,0.252556,0.252888,0.252514,0.252929,0.00013,0.255054,0.000247,0.255172,0.00014716,0.25507151,0.001240241,0.000366204,0.000981746,0.000489,-1.79E-04,-2.77E-04,3.71E-04,-1.57E-04,1.08E-03,1.04E-03,9.92E-04,9.25E-04
1980/8/15,0.000342,0.000165,0.000519,0.000128,0.000556,0.252551,0.252375,0.252728,0.252338,0.252765,-0.000027,0.254898,0.000129,0.255053,0.00013268,0.25505704,0.001227639,0.000411582,0.000859125,0.000475,-1.79E-04,-2.77E-04,3.71E-04,-1.57E-04,1.08E-03,1.04E-03,9.92E-04,9.25E-04
1980/9/15,0.000363,0.000226,0.000501,0.000153,0.000573,0.252573,0.252435,0.25271,0.252363,0.252783,0.000013,0.254937,0.000094,0.255018,0.00012476,0.25504912,0.001389079,0.000430486,0.000902446,0.000453,-1.79E-04,-2.77E-04,3.71E-04,-1.57E-04,1.08E-03,1.04E-03,9.92E-04,9.25E-04
1980/10/15,0.000349,0.000243,0.000454,0.000136,0.000561,0.252558,0.252453,0.252664,0.252346,0.25277,0.000442,0.255366,0.00024,0.255164,0.00018926,0.25511362,0.001435833,0.000432283,0.002393577,0.000434,-1.79E-04,-2.77E-04,3.71E-04,-1.57E-04,1.08E-03,1.04E-03,9.92E-04,9.25E-04
1980/11/15,0.000215,0.0001,0.000329,0.000002,0.000427,0.252424,0.25231,0.252539,0.252212,0.252636,0.000269,0.255193,0.000231,0.255156,0.00009739,0.25502175,0.001139169,0.00035442,0.001867587,0.00042,-1.79E-04,-2.77E-04,3.71E-04,-1.57E-04,1.08E-03,1.04E-03,9.92E-04,9.25E-04
1980/12/15,0.000849,0.000621,0.001077,0.000639,0.001059,0.253058,0.25283,0.253286,0.252848,0.253268,0.000621,0.255546,0.000415,0.255339,0.00054368,0.25546804,0.001381639,0.00035973,0.002921378,0.000413,-1.79E-04,-2.77E-04,3.71E-04,-1.57E-04,1.08E-03,1.04E-03,9.92E-04,9.25E-04
1981/1/15,0.000228,-0.000008,0.000464,0.00003,0.000427,0.252438,0.252202,0.252674,0.252239,0.252637,0.000311,0.255236,0.000271,0.255195,0.00016586,0.25509022,0.00087825,0.000253699,0.000976528,0.000459,-1.79E-04,-2.77E-04,3.71E-04,-1.57E-04,1.08E-03,1.04E-03,9.92E-04,9.25E-04
1981/2/15,0.000461,0.000317,0.000604,0.000265,0.000656,0.25267,0.252526,0.252814,0.252475,0.252866,0.0004,0.255324,0.000336,0.25526,0.00016056,0.25508492,0.000811929,0.000236653,0.001217529,0.000484,2.36E-05,-2.33E-04,3.46E-04,-1.79E-04,1.08E-03,1.33E-03,1.04E-03,9.78E-04
1981/3/15,0.000159,0.00004,0.000279,-0.000026,0.000345,0.252369,0.25225,0.252488,0.252183,0.252555,0.000572,0.255497,0.000356,0.25528,0.00029869,0.25522305,0.000792435,0.000234383,0.000933372,0.000481,2.36E-05,-2.33E-04,3.46E-04,-1.79E-04,1.08E-03,1.33E-03,1.04E-03,9.78E-04
1981/4/15,0.00041,0.000003,0.000816,0.000222,0.000597,0.252619,0.252212,0.253026,0.252431,0.252807,0.000813,0.255737,0.000236,0.25516,0.00041134,0.2553357,0.001130405,0.00024656,0.000721327,0.000446,2.36E-05,-2.33E-04,3.46E-04,-1.79E-04,1.08E-03,1.33E-03,1.04E-03,9.78E-04
1981/5/15,0.0006,0.00019,0.001009,0.000414,0.000786,0.252809,0.2524,0.253218,0.252623,0.252995,0.000695,0.255619,0.000399,0.255323,0.00045298,0.25537734,0.001384823,0.000268993,0.000896309,0.000455,2.36E-05,-2.33E-04,3.46E-04,-1.79E-04,1.08E-03,1.33E-03,1.04E-03,9.78E-04
1981/6/15,0.000047,-0.000066,0.000159,-0.000142,0.000236,0.252256,0.252144,0.252369,0.252067,0.252445,0.000625,0.25555,0.000281,0.255206,0.00040147,0.25532583,0.001383852,0.000307697,0.001401814,0.000437,2.36E-05,-2.33E-04,3.46E-04,-1.79E-04,1.08E-03,1.33E-03,1.04E-03,9.78E-04
1981/7/15,0.000537,0.000196,0.000878,0.000348,0.000725,0.252746,0.252405,0.253087,0.252558,0.252934,0.000623,0.255548,0.000404,0.255328,0.00054727,0.25547163,0.001434307,0.000334642,0.001024874,0.000435,2.36E-05,-2.33E-04,3.46E-04,-1.79E-04,1.08E-03,1.33E-03,1.04E-03,9.78E-04
1981/8/15,0.000188,0.000033,0.000343,-0.000001,0.000376,0.252397,0.252242,0.252552,0.252209,0.252585,0.00011,0.255034,0.000265,0.255189,0.00013315,0.2550575,0.00161525,0.000336921,0.000492224,0.000404,2.36E-05,-2.33E-04,3.46E-04,-1.79E-04,1.08E-03,1.33E-03,1.04E-03,9.78E-04
1981/9/15,-0.000104,-0.000389,0.000181,-0.00029,0.000081,0.252105,0.25182,0.25239,0.251919,0.252291,0.000447,0.255372,0.000334,0.255258,0.00043607,0.25536043,0.001231602,0.000357815,0.000428948,0.00054,2.36E-05,-2.33E-04,3.46E-04,-1.79E-04,1.08E-03,1.33E-03,1.04E-03,9.78E-04
1981/10/15,0.000193,0.000012,0.000374,0.000005,0.000381,0.252402,0.252221,0.252584,0.252215,0.25259,0.000363,0.255287,0.000678,0.255603,0.00040779,0.25533215,0.001495329,0.000342309,0.001097645,0.000252,2.36E-05,-2.33E-04,3.46E-04,-1.79E-04,1.08E-03,1.33E-03,1.04E-03,9.78E-04
1981/11/15,0.00009,-0.000007,0.000186,-0.000102,0.000281,0.252299,0.252203,0.252395,0.252107,0.25249,0.00114,0.256065,0.000917,0.255842,0.00102861,0.25595297,0.001324077,0.00033947,0.001072422,0.000321,2.36E-05,-2.33E-04,3.46E-04,-1.79E-04,1.08E-03,1.33E-03,1.04E-03,9.78E-04
1981/12/15,0.000094,-0.000096,0.000283,-0.000101,0.000289,0.252303,0.252114,0.252493,0.252109,0.252498,0.000344,0.255268,0.000262,0.255186,0.00045644,0.25538079,0.0013128,0.000283785,0.00106327,0.000328,2.36E-05,-2.33E-04,3.46E-04,-1.79E-04,1.08E-03,1.33E-03,1.04E-03,9.78E-04
1982/1/15,0.00027,0.000134,0.000406,0.000078,0.000462,0.252479,0.252344,0.252615,0.252288,0.252671,0.000986,0.25591,0.000608,0.255533,0.00115086,0.25607522,0.000900396,0.000243015,0.000882676,0.000336,2.36E-05,-2.33E-04,3.46E-04,-1.79E-04,1.08E-03,1.33E-03,1.04E-03,9.78E-04
1982/2/15,0.000138,0.00004,0.000236,-0.000054,0.00033,0.252348,0.252249,0.252446,0.252156,0.25254,0.000819,0.255744,0.000399,0.255323,0.00083943,0.25576379,0.000882872,0.000182428,0.00045479,0.000347,1.50E-04,-3.62E-05,3.97E-04,2.17E-05,1.13E-03,1.54E-03,1.36E-03,1.46E-03
1982/3/15,0.000237,0.000072,0.000402,0.000042,0.000431,0.252446,0.252281,0.252611,0.252252,0.252641,0.000852,0.255777,0.000818,0.255742,0.00088567,0.25581003,0.000813543,0.000172344,0.000584142,0.000366,1.50E-04,-3.62E-05,3.97E-04,2.17E-05,1.13E-03,1.54E-03,1.36E-03,1.46E-03
1982/4/15,0.000275,0.000158,0.000393,0.000079,0.000472,0.252485,0.252367,0.252602,0.252288,0.252681,0.000598,0.255522,0.000346,0.25527,0.00071873,0.25564309,0.000437678,0.000193807,0.000707787,0.000412,1.50E-04,-3.62E-05,3.97E-04,2.17E-05,1.13E-03,1.54E-03,1.36E-03,1.46E-03
1982/5/15,-0.000103,-0.000342,0.000136,-0.000287,0.000082,0.252107,0.251868,0.252346,0.251922,0.252291,0.000442,0.255367,0.000477,0.255401,0.00054528,0.25546964,0.000589569,0.000253099,0.000234855,0.00043,1.50E-04,-3.62E-05,3.97E-04,2.17E-05,1.13E-03,1.54E-03,1.36E-03,1.46E-03
1982/6/15,-0.000157,-0.000319,0.000005,-0.000331,0.000016,0.252052,0.25189,0.252214,0.251879,0.252226,0.000617,0.255541,0.000863,0.255787,0.00079907,0.25572343,0.000995533,0.000285511,0.001000298,0.000432,1.50E-04,-3.62E-05,3.97E-04,2.17E-05,1.13E-03,1.54E-03,1.36E-03,1.46E-03
1982/7/15,0.000327,0.000162,0.000491,0.000149,0.000504,0.252536,0.252372,0.252701,0.252359,0.252713,0.000342,0.255266,0.000759,0.255683,0.00050943,0.25543378,0.001512688,0.000334062,0.001605989,0.000354,1.50E-04,-3.62E-05,3.97E-04,2.17E-05,1.13E-03,1.54E-03,1.36E-03,1.46E-03
1982/8/15,0.000166,0.000054,0.000277,-0.000003,0.000334,0.252375,0.252264,0.252486,0.252207,0.252544,0.00046,0.255384,0.00065,0.255575,0.00059116,0.25551552,0.001212821,0.000355017,0.001136922,0.00036,1.50E-04,-3.62E-05,3.97E-04,2.17E-05,1.13E-03,1.54E-03,1.36E-03,1.46E-03
1982/9/15,0.000237,0.000045,0.000429,0.00007,0.000404,0.252446,0.252255,0.252638,0.25228,0.252613,0.000371,0.255296,0.000562,0.255486,0.00036404,0.2552884,0.001032401,0.000386755,0.001346499,0.000254,1.50E-04,-3.62E-05,3.97E-04,2.17E-05,1.13E-03,1.54E-03,1.36E-03,1.46E-03
1982/10/15,0.000099,-0.000092,0.00029,-0.000065,0.000262,0.252308,0.252117,0.2525,0.252145,0.252472,0.000575,0.255499,0.000208,0.255132,0.00054845,0.25547281,0.000798787,0.000366774,0.00044998,0.000237,1.50E-04,-3.62E-05,3.97E-04,2.17E-05,1.13E-03,1.54E-03,1.36E-03,1.46E-03
1982/11/15,0.000044,-0.000151,0.000239,-0.000121,0.000209,0.252254,0.252059,0.252448,0.252089,0.252419,0.001012,0.255936,0.000437,0.255362,0.00068698,0.25561134,0.000878571,0.000380981,0.000228631,0.000234,1.50E-04,-3.62E-05,3.97E-04,2.17E-05,1.13E-03,1.54E-03,1.36E-03,1.46E-03
1982/12/15,-0.000166,-0.000318,-0.000015,-0.000334,0.000002,0.252043,0.251892,0.252195,0.251875,0.252211,0.000009,0.254934,0.000293,0.255217,0.00028334,0.2552077,0.000963012,0.000398058,-0.000333949,0.000247,1.50E-04,-3.62E-05,3.97E-04,2.17E-05,1.13E-03,1.54E-03,1.36E-03,1.46E-03
1983/1/15,-0.000195,-0.000441,0.00005,-0.000362,-0.000029,0.252014,0.251768,0.25226,0.251848,0.25218,0.000403,0.255328,0.000293,0.255217,0.00046864,0.25539299,0.000763491,0.000379608,2.48E-05,0.000269,1.50E-04,-3.62E-05,3.97E-04,2.17E-05,1.13E-03,1.54E-03,1.36E-03,1.46E-03
1983/2/15,-0.000243,-0.000449,-0.000036,-0.00041,-0.000075,0.251967,0.251761,0.252173,0.2518,0.252134,0.000208,0.255132,0.000173,0.255098,0.00034932,0.25527368,0.000651469,0.000392824,8.92E-05,0.000308,4.27E-04,6.12E-04,5.02E-04,4.44E-04,1.14E-03,1.04E-03,1.17E-03,7.97E-04
1983/3/15,0.000084,-0.000083,0.000252,-0.000092,0.000261,0.252294,0.252126,0.252461,0.252117,0.25247,0.000301,0.255225,0.000418,0.255342,0.00034896,0.25527332,0.00083423,0.000407625,0.001010325,0.000335,4.27E-04,6.12E-04,5.02E-04,4.44E-04,1.14E-03,1.04E-03,1.17E-03,7.97E-04
1983/4/15,0.000251,0.000133,0.00037,0.000076,0.000427,0.252461,0.252342,0.252579,0.252285,0.252636,0.000244,0.255168,0.000368,0.255292,0.00034849,0.25527285,0.000856433,0.00040661,0.000238757,0.000337,4.27E-04,6.12E-04,5.02E-04,4.44E-04,1.14E-03,1.04E-03,1.17E-03,7.97E-04
1983/5/15,0.000328,0.000181,0.000476,0.000148,0.000509,0.252538,0.25239,0.252685,0.252357,0.252719,0.000515,0.255439,0.000456,0.255381,0.00048352,0.25540788,0.000928009,0.000435425,0.00114056,0.000358,4.27E-04,6.12E-04,5.02E-04,4.44E-04,1.14E-03,1.04E-03,1.17E-03,7.97E-04
1983/6/15,0.00063,0.000432,0.000828,0.000449,0.00081,0.252839,0.252641,0.253037,0.252659,0.25302,0.000363,0.255288,0.000351,0.255275,0.00026076,0.25518512,0.00079396,0.000494619,0.000574136,0.000342,4.27E-04,6.12E-04,5.02E-04,4.44E-04,1.14E-03,1.04E-03,1.17E-03,7.97E-04
1983/7/15,0.000337,0.000203,0.000471,0.000152,0.000523,0.252547,0.252413,0.252681,0.252361,0.252732,0.000389,0.255314,0.00053,0.255454,0.00046519,0.25538955,0.000713031,0.000573357,0.001523149,0.000339,4.27E-04,6.12E-04,5.02E-04,4.44E-04,1.14E-03,1.04E-03,1.17E-03,7.97E-04
1983/8/15,0.000378,0.000266,0.000491,0.000194,0.000562,0.252588,0.252475,0.2527,0.252404,0.252771,0.000213,0.255138,0.000519,0.255444,0.00036037,0.25528473,0.000851124,0.000577255,0.002242713,0.000284,4.27E-04,6.12E-04,5.02E-04,4.44E-04,1.14E-03,1.04E-03,1.17E-03,7.97E-04
1983/9/15,0.000673,0.000468,0.000877,0.000488,0.000858,0.252882,0.252677,0.253087,0.252697,0.253067,0.00018,0.255105,0.000549,0.255474,0.00021412,0.25513848,0.000885871,0.000562181,0.001771172,0.000243,4.27E-04,6.12E-04,5.02E-04,4.44E-04,1.14E-03,1.04E-03,1.17E-03,7.97E-04
1983/10/15,0.000602,0.000385,0.000819,0.00042,0.000783,0.252811,0.252594,0.253028,0.252629,0.252993,0.000138,0.255063,-0.000022,0.254903,0.00023491,0.25515927,0.000469245,0.000476272,0.000432586,0.000182,4.27E-04,6.12E-04,5.02E-04,4.44E-04,1.14E-03,1.04E-03,1.17E-03,7.97E-04
1983/11/15,0.000258,0.000093,0.000422,0.000073,0.000442,0.252467,0.252303,0.252632,0.252283,0.252652,0.000149,0.255074,0.000102,0.255026,0.00026783,0.25519219,0.000756354,0.00049206,-4.67E-05,0.000172,4.27E-04,6.12E-04,5.02E-04,4.44E-04,1.14E-03,1.04E-03,1.17E-03,7.97E-04
1983/12/15,0.000269,0.000118,0.000419,0.000078,0.000459,0.252478,0.252328,0.252628,0.252288,0.252668,-0.000255,0.254669,-0.000132,0.254792,-0.00029453,0.25462983,0.000892134,0.000421024,0.000533822,0.000194,4.27E-04,6.12E-04,5.02E-04,4.44E-04,1.14E-03,1.04E-03,1.17E-03,7.97E-04
1984/1/15,0.000249,0.000089,0.000409,0.000061,0.000436,0.252458,0.252299,0.252618,0.252271,0.252646,-0.000021,0.254903,-0.000048,0.254876,-0.00026365,0.25466071,0.000804817,0.000350992,-0.00020298,0.000253,4.27E-04,6.12E-04,5.02E-04,4.44E-04,1.14E-03,1.04E-03,1.17E-03,7.97E-04
1984/2/15,0.000476,0.000153,0.000798,0.000291,0.00066,0.252685,0.252362,0.253008,0.2525,0.25287,-0.000301,0.254624,-0.000146,0.254778,-0.00041181,0.25451254,0.000316648,0.000310371,-0.000277992,0.000286,6.65E-04,1.04E-03,6.24E-04,6.56E-04,1.10E-03,1.53E-03,1.11E-03,2.32E-03
1984/3/15,0.000492,0.000354,0.000629,0.000303,0.00068,0.252701,0.252564,0.252838,0.252512,0.25289,-0.000565,0.254359,-0.000196,0.254728,-0.00038128,0.25454308,0.000566216,0.000320506,0.000783847,0.000334,6.65E-04,1.04E-03,6.24E-04,6.56E-04,1.10E-03,1.53E-03,1.11E-03,2.32E-03
1984/4/15,0.000612,0.000364,0.00086,0.00042,0.000803,0.252821,0.252573,0.253069,0.25263,0.253013,-0.000276,0.254648,-0.000125,0.2548,-0.00019419,0.25473016,0.000684924,0.000338335,-0.000195771,0.000355,6.65E-04,1.04E-03,6.24E-04,6.56E-04,1.10E-03,1.53E-03,1.11E-03,2.32E-03
1984/5/15,0.000505,0.000276,0.000735,0.000309,0.000702,0.252715,0.252485,0.252944,0.252519,0.252911,-0.000246,0.254679,-0.000028,0.254896,-0.00018749,0.25473687,0.00071161,0.000353445,0.000560366,0.000387,6.65E-04,1.04E-03,6.24E-04,6.56E-04,1.10E-03,1.53E-03,1.11E-03,2.32E-03
1984/6/15,0.000719,0.000438,0.001,0.000522,0.000916,0.252929,0.252648,0.253209,0.252732,0.253125,0.000098,0.255023,0.000229,0.255154,0.00005215,0.25497651,0.001272104,0.000394244,0.001856029,0.000367,6.65E-04,1.04E-03,6.24E-04,6.56E-04,1.10E-03,1.53E-03,1.11E-03,2.32E-03
1984/7/15,0.000464,0.000334,0.000594,0.000269,0.000658,0.252673,0.252544,0.252803,0.252479,0.252868,-0.000031,0.254893,0.000557,0.255481,0.00010686,0.25503122,0.00092172,0.000426733,0.002261006,0.000381,6.65E-04,1.04E-03,6.24E-04,6.56E-04,1.10E-03,1.53E-03,1.11E-03,2.32E-03
1984/8/15,0.000456,0.000319,0.000592,0.00026,0.000651,0.252665,0.252528,0.252802,0.25247,0.25286,0.000239,0.255163,0.000386,0.25531,0.00023759,0.25516194,0.001054066,0.000454461,0.00198254,0.000398,6.65E-04,1.04E-03,6.24E-04,6.56E-04,1.10E-03,1.53E-03,1.11E-03,2.32E-03
1984/9/15,0.000221,0.000109,0.000332,0.000023,0.000418,0.25243,0.252319,0.252541,0.252233,0.252627,0.000466,0.25539,0.000432,0.255357,0.00041563,0.25533999,0.001483682,0.000498182,0.002198418,0.00038,6.65E-04,1.04E-03,6.24E-04,6.56E-04,1.10E-03,1.53E-03,1.11E-03,2.32E-03
1984/10/15,0.000658,0.0004,0.000916,0.000461,0.000856,0.252868,0.252609,0.253126,0.25267,0.253065,0.00071,0.255635,0.000091,0.255016,0.00038972,0.25531408,0.001042077,0.00048855,0.001329512,0.000393,6.65E-04,1.04E-03,6.24E-04,6.56E-04,1.10E-03,1.53E-03,1.11E-03,2.32E-03
1984/11/15,0.000428,0.000095,0.00076,0.000232,0.000623,0.252637,0.252305,0.25297,0.252442,0.252833,0.000532,0.255457,0.000196,0.255121,0.00044955,0.25537391,0.000911793,0.000465292,1.05E-05,0.000408,6.65E-04,1.04E-03,6.24E-04,6.56E-04,1.10E-03,1.53E-03,1.11E-03,2.32E-03
1984/12/15,0.000074,-0.000015,0.000164,-0.000128,0.000277,0.252284,0.252195,0.252373,0.252081,0.252486,0.000309,0.255233,0.000016,0.25494,0.00017418,0.25509854,0.000596184,0.000409433,-0.000785089,0.000407,6.65E-04,1.04E-03,6.24E-04,6.56E-04,1.10E-03,1.53E-03,1.11E-03,2.32E-03
1985/1/15,0.000699,0.00052,0.000878,0.000496,0.000902,0.252908,0.252729,0.253087,0.252705,0.253111,0.000422,0.255347,0.000465,0.25539,0.00032562,0.25524998,0.000831831,0.000299098,0.000405075,0.000435,6.65E-04,1.04E-03,6.24E-04,6.56E-04,1.10E-03,1.53E-03,1.11E-03,2.32E-03
1985/2/15,0.000424,0.000122,0.000726,0.00022,0.000628,0.252633,0.252332,0.252935,0.252429,0.252838,0.00035,0.255274,-0.000116,0.254809,0.00019757,0.25512192,0.000607669,0.000334236,-0.000191562,0.000495,7.28E-04,1.03E-03,7.02E-04,7.85E-04,8.99E-04,1.51E-03,9.30E-04,2.59E-03
1985/3/15,0.000404,0.000167,0.000641,0.000206,0.000602,0.252613,0.252377,0.25285,0.252415,0.252812,0.000271,0.255195,0.000037,0.254961,0.00011354,0.2550379,0.000369171,0.000332912,0.000157752,0.000573,7.28E-04,1.03E-03,7.02E-04,7.85E-04,8.99E-04,1.51E-03,9.30E-04,2.59E-03
1985/4/15,0.000355,0.000128,0.000582,0.000156,0.000554,0.252565,0.252338,0.252791,0.252365,0.252764,0.000225,0.255149,0.000204,0.255129,0.00018226,0.25510662,0.000455201,0.000320413,-8.82E-05,0.000577,7.28E-04,1.03E-03,7.02E-04,7.85E-04,8.99E-04,1.51E-03,9.30E-04,2.59E-03
1985/5/15,0.000335,0.000169,0.000501,0.000137,0.000534,0.252545,0.252379,0.252711,0.252346,0.252743,0.000249,0.255173,0.000243,0.255168,0.00017705,0.2551014,0.000897249,0.000353688,0.000146754,0.000562,7.28E-04,1.03E-03,7.02E-04,7.85E-04,8.99E-04,1.51E-03,9.30E-04,2.59E-03
1985/6/15,0.000363,0.000223,0.000504,0.000164,0.000562,0.252573,0.252432,0.252713,0.252373,0.252772,0.00052,0.255445,0.000346,0.25527,0.00055138,0.25547574,0.000967481,0.000391629,0.001284804,0.000476,7.28E-04,1.03E-03,7.02E-04,7.85E-04,8.99E-04,1.51E-03,9.30E-04,2.59E-03
1985/7/15,0.000308,0.00016,0.000457,0.000115,0.000502,0.252518,0.25237,0.252666,0.252324,0.252712,0.000497,0.255421,0.000367,0.255291,0.00040667,0.25533102,0.000959587,0.000392385,0.001329562,0.000492,7.28E-04,1.03E-03,7.02E-04,7.85E-04,8.99E-04,1.51E-03,9.30E-04,2.59E-03
1985/8/15,0.000413,0.000255,0.000571,0.000214,0.000612,0.252622,0.252464,0.25278,0.252424,0.252821,0.000407,0.255331,0.000351,0.255275,0.00044842,0.25537278,0.000882661,0.00041208,8.87E-05,0.000421,7.28E-04,1.03E-03,7.02E-04,7.85E-04,8.99E-04,1.51E-03,9.30E-04,2.59E-03
1985/9/15,0.000585,0.000373,0.000797,0.000367,0.000803,0.252795,0.252582,0.253007,0.252576,0.253013,0.000716,0.25564,0.000522,0.255446,0.0005014,0.25542576,0.00111281,0.000386778,0.000851029,0.000351,7.28E-04,1.03E-03,7.02E-04,7.85E-04,8.99E-04,1.51E-03,9.30E-04,2.59E-03
1985/10/15,0.00015,-0.000022,0.000322,-0.000069,0.000369,0.252359,0.252187,0.252532,0.25214,0.252579,0.000496,0.25542,0.000487,0.255412,0.00047002,0.25539438,0.000987929,0.000361946,0.000521368,0.000482,7.28E-04,1.03E-03,7.02E-04,7.85E-04,8.99E-04,1.51E-03,9.30E-04,2.59E-03
1985/11/15,-0.000007,-0.00034,0.000327,-0.000224,0.000211,0.252203,0.251869,0.252536,0.251985,0.25242,0.000395,0.25532,-0.000027,0.254897,0.00012059,0.25504495,0.001287739,0.000331146,-0.001022303,0.000257,7.28E-04,1.03E-03,7.02E-04,7.85E-04,8.99E-04,1.51E-03,9.30E-04,2.59E-03
1985/12/15,0.000584,0.000416,0.000751,0.000374,0.000794,0.252793,0.252625,0.252961,0.252583,0.253003,0.000389,0.255313,0.000276,0.255201,0.00024312,0.25516748,0.000858702,0.000317768,-0.000293241,0.000321,7.28E-04,1.03E-03,7.02E-04,7.85E-04,8.99E-04,1.51E-03,9.30E-04,2.59E-03
1986/1/15,0.000483,0.000296,0.00067,0.000262,0.000703,0.252692,0.252505,0.252879,0.252472,0.252913,0.000078,0.255002,0.000005,0.25493,-0.00000496,0.2549194,0.000747942,0.000276838,0.000156728,0.000338,7.28E-04,1.03E-03,7.02E-04,7.85E-04,8.99E-04,1.51E-03,9.30E-04,2.59E-03
1986/2/15,-0.000063,-0.000237,0.000111,-0.000289,0.000163,0.252147,0.251972,0.252321,0.251921,0.252373,0.000069,0.254994,0.000108,0.255032,0.00019299,0.25511735,0.00102207,0.000279066,-0.000224963,0.000353,6.76E-04,7.79E-04,6.92E-04,7.39E-04,7.44E-04,1.41E-03,8.74E-04,2.80E-03
1986/3/15,0.000422,0.000261,0.000583,0.000198,0.000646,0.252631,0.252471,0.252792,0.252408,0.252855,0.000258,0.255183,0.000036,0.25496,0.00032281,0.25524717,0.000635463,0.000292629,-0.000315544,0.000394,6.76E-04,7.79E-04,6.92E-04,7.39E-04,7.44E-04,1.41E-03,8.74E-04,2.80E-03
1986/4/15,0.000217,-0.000021,0.000455,-0.000006,0.00044,0.252426,0.252189,0.252664,0.252203,0.25265,0.000392,0.255317,0.000047,0.254972,0.00041473,0.25533909,0.000707926,0.000285902,-0.0002782,0.000427,6.76E-04,7.79E-04,6.92E-04,7.39E-04,7.44E-04,1.41E-03,8.74E-04,2.80E-03
1986/5/15,0.000292,0.000052,0.000532,0.000072,0.000512,0.252501,0.252261,0.252741,0.252281,0.252722,0.000505,0.255429,0.000315,0.255239,0.00052942,0.25545378,0.001001046,0.000309801,0.000217371,0.000454,6.76E-04,7.79E-04,6.92E-04,7.39E-04,7.44E-04,1.41E-03,8.74E-04,2.80E-03
1986/6/15,0.000333,0.000181,0.000484,0.000101,0.000565,0.252542,0.252391,0.252694,0.25231,0.252774,0.000469,0.255394,0.000438,0.255363,0.0004404,0.25536475,0.00114649,0.000326787,0.000512266,0.000498,6.76E-04,7.79E-04,6.92E-04,7.39E-04,7.44E-04,1.41E-03,8.74E-04,2.80E-03
1986/7/15,0.000389,0.000143,0.000636,0.000156,0.000622,0.252599,0.252352,0.252845,0.252366,0.252832,0.000462,0.255387,0.00008,0.255004,0.00057643,0.25550078,0.000799965,0.000305698,-0.000501495,0.000489,6.76E-04,7.79E-04,6.92E-04,7.39E-04,7.44E-04,1.41E-03,8.74E-04,2.80E-03
1986/8/15,-0.000341,-0.000946,0.000264,-0.000573,-0.000109,0.251868,0.251263,0.252474,0.251636,0.252101,0.000409,0.255334,0.000386,0.25531,0.00035083,0.25527518,0.001120933,0.000291832,0.000778292,0.000465,6.76E-04,7.79E-04,6.92E-04,7.39E-04,7.44E-04,1.41E-03,8.74E-04,2.80E-03
1986/9/15,0.000384,0.000247,0.000522,0.000148,0.000621,0.252594,0.252456,0.252731,0.252358,0.25283,0.000394,0.255318,0.000486,0.25541,0.00049562,0.25541998,0.00129952,0.000284219,0.001012321,0.000409,6.76E-04,7.79E-04,6.92E-04,7.39E-04,7.44E-04,1.41E-03,8.74E-04,2.80E-03
1986/10/15,0.000434,0.000217,0.000651,0.000199,0.000669,0.252643,0.252426,0.25286,0.252408,0.252878,0.000809,0.255733,0.000781,0.255705,0.00080326,0.25572762,0.001257363,0.000270703,0.001122934,0.000299,6.76E-04,7.79E-04,6.92E-04,7.39E-04,7.44E-04,1.41E-03,8.74E-04,2.80E-03
1986/11/15,-0.00021,-0.000362,-0.000059,-0.000447,0.000026,0.251999,0.251848,0.252151,0.251763,0.252236,0.000489,0.255413,0.000867,0.255791,0.00037383,0.25529818,0.001433223,0.000281677,-0.001110186,0.000334,6.76E-04,7.79E-04,6.92E-04,7.39E-04,7.44E-04,1.41E-03,8.74E-04,2.80E-03
1986/12/15,0.00027,-0.00007,0.000609,0.000036,0.000503,0.252479,0.252139,0.252818,0.252246,0.252712,0.000892,0.255816,0.0004,0.255324,0.00074635,0.25567071,0.001035953,0.000282023,-5.71E-05,0.000333,6.76E-04,7.79E-04,6.92E-04,7.39E-04,7.44E-04,1.41E-03,8.74E-04,2.80E-03
1987/1/15,0.000186,-0.000126,0.000498,-0.000052,0.000424,0.252395,0.252084,0.252707,0.252158,0.252633,-0.00008,0.254844,0.000239,0.255163,0.0001305,0.25505485,0.00090549,0.000201914,-0.000712655,0.00032,6.76E-04,7.79E-04,6.92E-04,7.39E-04,7.44E-04,1.41E-03,8.74E-04,2.80E-03
1987/2/15,0.000154,-0.000098,0.000405,-0.000083,0.00039,0.252363,0.252111,0.252614,0.252126,0.252599,0.000278,0.255203,0.000393,0.255318,0.00047949,0.25540384,0.000839173,0.000153306,6.52E-05,0.000354,7.08E-04,5.63E-04,5.81E-04,6.80E-04,6.20E-04,4.26E-04,6.61E-04,2.07E-03
1987/3/15,0.000196,-0.000026,0.000417,-0.000041,0.000433,0.252405,0.252184,0.252626,0.252168,0.252642,0.000353,0.255278,0.000504,0.255428,0.0004828,0.25540715,0.001079821,0.0001436,0.000210226,0.000392,7.08E-04,5.63E-04,5.81E-04,6.80E-04,6.20E-04,4.26E-04,6.61E-04,2.07E-03
1987/4/15,-0.000008,-0.000165,0.000148,-0.000248,0.000231,0.252201,0.252044,0.252358,0.251962,0.25244,0.000421,0.255345,0.000523,0.255447,0.00038864,0.255313,0.000962495,0.000165411,-0.000400617,0.000392,7.08E-04,5.63E-04,5.81E-04,6.80E-04,6.20E-04,4.26E-04,6.61E-04,2.07E-03
1987/5/15,0.000411,-0.000041,0.000863,0.000175,0.000647,0.25262,0.252169,0.253072,0.252385,0.252856,0.000494,0.255419,0.000412,0.255336,0.00040361,0.25532797,0.001162714,0.000185088,0.000403092,0.000412,7.08E-04,5.63E-04,5.81E-04,6.80E-04,6.20E-04,4.26E-04,6.61E-04,2.07E-03
1987/6/15,-0.000056,-0.000212,0.000101,-0.000289,0.000177,0.252154,0.251997,0.25231,0.251921,0.252387,0.000283,0.255208,0.000335,0.255259,0.00039625,0.25532061,0.001161938,0.000202959,-0.000668187,0.000387,7.08E-04,5.63E-04,5.81E-04,6.80E-04,6.20E-04,4.26E-04,6.61E-04,2.07E-03
1987/7/15,0.000211,0.000077,0.000344,-0.000022,0.000444,0.25242,0.252287,0.252554,0.252187,0.252653,0.000236,0.255161,0.000096,0.25502,0.00003612,0.25496047,0.001044053,0.000214117,-0.000864042,0.000362,7.08E-04,5.63E-04,5.81E-04,6.80E-04,6.20E-04,4.26E-04,6.61E-04,2.07E-03
1987/8/15,0.000325,0.00007,0.00058,0.000097,0.000554,0.252535,0.25228,0.25279,0.252306,0.252763,-0.000234,0.25469,0.000158,0.255083,-0.00015635,0.254768,0.001466125,0.000198432,-0.001839278,0.000331,7.08E-04,5.63E-04,5.81E-04,6.80E-04,6.20E-04,4.26E-04,6.61E-04,2.07E-03
1987/9/15,-0.00005,-0.000231,0.000132,-0.000258,0.000158,0.25216,0.251978,0.252341,0.251951,0.252368,0.000113,0.255038,0.000358,0.255282,0.00014946,0.25507382,0.000839977,0.000194134,0.000291594,0.000318,7.08E-04,5.63E-04,5.81E-04,6.80E-04,6.20E-04,4.26E-04,6.61E-04,2.07E-03
1987/10/15,0.000221,0.000014,0.000429,0.000013,0.00043,0.252431,0.252223,0.252638,0.252222,0.252639,-0.000196,0.254729,0.000121,0.255046,0.00000149,0.25492585,0.001011431,0.000167602,-9.84E-05,0.000277,7.08E-04,5.63E-04,5.81E-04,6.80E-04,6.20E-04,4.26E-04,6.61E-04,2.07E-03
1987/11/15,0.000296,0.000044,0.000548,0.000092,0.0005,0.252505,0.252253,0.252758,0.252301,0.252709,0.000424,0.255348,0.000135,0.25506,0.00007682,0.25500118,0.00103794,0.000179693,4.29E-05,0.000279,7.08E-04,5.63E-04,5.81E-04,6.80E-04,6.20E-04,4.26E-04,6.61E-04,2.07E-03
1987/12/15,0.000243,-0.000035,0.000521,0.000039,0.000447,0.252453,0.252175,0.25273,0.252249,0.252657,-0.000312,0.254613,-0.000076,0.254849,0.00005423,0.25497859,0.000918322,0.000157601,-0.001773078,0.000293,7.08E-04,5.63E-04,5.81E-04,6.80E-04,6.20E-04,4.26E-04,6.61E-04,2.07E-03
1988/1/15,0.00023,0.000074,0.000386,0.000034,0.000427,0.25244,0.252284,0.252596,0.252243,0.252637,-0.000593,0.254332,-0.000196,0.254729,-0.00038031,0.25454405,0.000785673,0.000118583,-0.001232711,0.000286,7.08E-04,5.63E-04,5.81E-04,6.80E-04,6.20E-04,4.26E-04,6.61E-04,2.07E-03
1988/2/15,-0.000145,-0.000331,0.000041,-0.000334,0.000043,0.252064,0.251878,0.25225,0.251876,0.252253,-0.00026,0.254664,-0.000023,0.254901,-0.00016922,0.25475514,0.000814942,8.85E-05,-0.0008673,0.00031,8.41E-04,3.90E-04,4.18E-04,6.94E-04,4.92E-04,4.01E-04,5.92E-04,9.10E-04
1988/3/15,-0.0002,-0.000415,0.000014,-0.000387,-0.000014,0.252009,0.251795,0.252223,0.251822,0.252196,-0.000386,0.254538,0.000134,0.255058,-0.00026067,0.25466369,0.000547024,9.16E-05,-0.001013042,0.000327,8.41E-04,3.90E-04,4.18E-04,6.94E-04,4.92E-04,4.01E-04,5.92E-04,9.10E-04
1988/4/15,0.000253,0.000096,0.000411,0.000069,0.000438,0.252463,0.252305,0.25262,0.252278,0.252647,-0.00019,0.254735,-0.000043,0.254881,-0.00011274,0.25481162,0.000709165,8.09E-05,-0.000608916,0.000306,8.41E-04,3.90E-04,4.18E-04,6.94E-04,4.92E-04,4.01E-04,5.92E-04,9.10E-04
1988/5/15,-0.000027,-0.0002,0.000146,-0.000216,0.000162,0.252182,0.252009,0.252355,0.251993,0.252371,-0.000414,0.254511,-0.000032,0.254892,-0.00022799,0.25469637,0.00088259,6.69E-05,-0.00096226,0.000292,8.41E-04,3.90E-04,4.18E-04,6.94E-04,4.92E-04,4.01E-04,5.92E-04,9.10E-04
1988/6/15,-0.000186,-0.000332,-0.00004,-0.000365,-0.000006,0.252023,0.251878,0.252169,0.251844,0.252203,-0.000417,0.254508,-0.000134,0.25479,-0.00018806,0.2547363,0.000744967,7.73E-05,-0.000702276,0.000284,8.41E-04,3.90E-04,4.18E-04,6.94E-04,4.92E-04,4.01E-04,5.92E-04,9.10E-04
1988/7/15,0.000167,0.000025,0.000308,-0.00001,0.000343,0.252376,0.252235,0.252518,0.2522,0.252552,-0.000537,0.254387,-0.00012,0.254805,-0.0002709,0.25465346,0.00042419,6.44E-05,-0.000914039,0.000271,8.41E-04,3.90E-04,4.18E-04,6.94E-04,4.92E-04,4.01E-04,5.92E-04,9.10E-04
1988/8/15,0.000143,0.000022,0.000264,-0.000031,0.000317,0.252352,0.252232,0.252473,0.252178,0.252526,-0.000607,0.254318,-0.000091,0.254834,-0.00028509,0.25463926,0.000620425,5.44E-05,-0.0011355,0.000282,8.41E-04,3.90E-04,4.18E-04,6.94E-04,4.92E-04,4.01E-04,5.92E-04,9.10E-04
1988/9/15,-0.000106,-0.000254,0.000042,-0.000274,0.000061,0.252103,0.251955,0.252251,0.251936,0.252271,-0.000419,0.254505,0.000079,0.255004,-0.00011282,0.25481154,0.000336884,9.28E-05,-0.001288777,0.000282,8.41E-04,3.90E-04,4.18E-04,6.94E-04,4.92E-04,4.01E-04,5.92E-04,9.10E-04
1988/10/15,0.000134,0.000027,0.000241,-0.000031,0.000298,0.252343,0.252236,0.25245,0.252178,0.252508,-0.000333,0.254592,0.000131,0.255056,0.00005683,0.25498119,0.000390936,9.37E-05,-0.000474009,0.000202,8.41E-04,3.90E-04,4.18E-04,6.94E-04,4.92E-04,4.01E-04,5.92E-04,9.10E-04
1988/11/15,0.000044,-0.000108,0.000196,-0.00012,0.000208,0.252253,0.252101,0.252405,0.25209,0.252417,-0.000521,0.254403,-0.000221,0.254703,-0.00005593,0.25486842,0.000664395,4.86E-05,-0.001158476,0.000153,8.41E-04,3.90E-04,4.18E-04,6.94E-04,4.92E-04,4.01E-04,5.92E-04,9.10E-04
1988/12/15,0.000144,-0.000021,0.000309,-0.000014,0.000302,0.252353,0.252189,0.252518,0.252195,0.252511,-0.00061,0.254315,-0.000127,0.254797,-0.00023669,0.25468766,0.000178235,2.06E-05,-0.00173843,0.000144,8.41E-04,3.90E-04,4.18E-04,6.94E-04,4.92E-04,4.01E-04,5.92E-04,9.10E-04
1989/1/15,0.00012,0.000009,0.000231,-0.000037,0.000277,0.252329,0.252218,0.252441,0.252172,0.252487,-0.000286,0.254639,-0.00013,0.254794,-0.00011681,0.25480754,0.00030686,-6.51E-05,-0.001543265,0.000165,8.41E-04,3.90E-04,4.18E-04,6.94E-04,4.92E-04,4.01E-04,5.92E-04,9.10E-04
1989/2/15,0.000109,-0.000098,0.000316,-0.000049,0.000267,0.252318,0.252112,0.252525,0.25216,0.252477,-0.000588,0.254336,-0.000096,0.254828,-0.00023242,0.25469193,0.000203105,-8.79E-05,-0.000413389,0.000185,2.71E-04,-1.98E-04,2.46E-04,9.07E-05,4.08E-04,1.18E-03,6.57E-04,2.01E-03
1989/3/15,0.000076,-0.000093,0.000245,-0.000079,0.000231,0.252286,0.252117,0.252454,0.252131,0.252441,-0.000349,0.254575,0.000234,0.255158,-0.00013446,0.25478989,0.000558887,-8.81E-05,-0.000427434,0.000203,2.71E-04,-1.98E-04,2.46E-04,9.07E-05,4.08E-04,1.18E-03,6.57E-04,2.01E-03
1989/4/15,0.000046,-0.000229,0.00032,-0.000104,0.000195,0.252255,0.251981,0.252529,0.252106,0.252404,-0.00043,0.254494,0.000062,0.254987,-0.00015608,0.25476828,0.000191203,-7.76E-05,-0.001493843,0.000214,2.71E-04,-1.98E-04,2.46E-04,9.07E-05,4.08E-04,1.18E-03,6.57E-04,2.01E-03
1989/5/15,0.000138,-0.000079,0.000355,-0.000012,0.000288,0.252347,0.25213,0.252564,0.252197,0.252497,-0.000332,0.254593,0.000038,0.254962,-0.00017508,0.25474928,0.00027535,-7.11E-05,-0.001137845,0.000198,2.71E-04,-1.98E-04,2.46E-04,9.07E-05,4.08E-04,1.18E-03,6.57E-04,2.01E-03
1989/6/15,-0.000071,-0.000151,0.000009,-0.000223,0.000081,0.252138,0.252059,0.252218,0.251987,0.25229,-0.000516,0.254408,-0.000186,0.254738,-0.00027503,0.25464933,-5.45E-05,-8.11E-05,-0.001580113,0.000194,2.71E-04,-1.98E-04,2.46E-04,9.07E-05,4.08E-04,1.18E-03,6.57E-04,2.01E-03
1989/7/15,-0.000126,-0.000202,-0.00005,-0.00028,0.000027,0.252083,0.252007,0.252159,0.25193,0.252237,-0.000413,0.254511,-0.000301,0.254623,-0.00031137,0.25461298,-0.000181787,-5.26E-05,-0.002778673,0.000168,2.71E-04,-1.98E-04,2.46E-04,9.07E-05,4.08E-04,1.18E-03,6.57E-04,2.01E-03
1989/8/15,-0.000174,-0.000276,-0.000072,-0.000327,-0.000021,0.252035,0.251933,0.252137,0.251882,0.252188,-0.000271,0.254654,-0.000093,0.254831,-0.00003853,0.25488582,3.43E-05,-7.07E-05,-0.001149817,0.00018,2.71E-04,-1.98E-04,2.46E-04,9.07E-05,4.08E-04,1.18E-03,6.57E-04,2.01E-03
1989/9/15,-0.000051,-0.000163,0.000062,-0.000204,0.000102,0.252159,0.252046,0.252271,0.252005,0.252312,0.000024,0.254949,0.000112,0.255037,0.00006415,0.25498851,0.000377474,-7.18E-05,-0.000546541,0.000158,2.71E-04,-1.98E-04,2.46E-04,9.07E-05,4.08E-04,1.18E-03,6.57E-04,2.01E-03
1989/10/15,-0.000137,-0.000319,0.000045,-0.000289,0.000016,0.252073,0.251891,0.252255,0.25192,0.252226,0.000397,0.255321,0.000149,0.255073,0.00025493,0.25517929,0.000393901,-6.70E-05,-0.00033592,0.000119,2.71E-04,-1.98E-04,2.46E-04,9.07E-05,4.08E-04,1.18E-03,6.57E-04,2.01E-03
1989/11/15,-0.000383,-0.000499,-0.000268,-0.000538,-0.000229,0.251826,0.251711,0.251942,0.251672,0.251981,0.00019,0.255114,-0.000108,0.254816,0.00004727,0.25497162,0.000225256,-9.44E-05,-0.001051824,0.000224,2.71E-04,-1.98E-04,2.46E-04,9.07E-05,4.08E-04,1.18E-03,6.57E-04,2.01E-03
1989/12/15,-0.000127,-0.000386,0.000132,-0.000284,0.00003,0.252082,0.251824,0.252341,0.251925,0.252239,-0.000204,0.25472,-0.000316,0.254609,-0.00009783,0.25482653,0.000224324,-0.000177298,-0.002417892,0.000046,2.71E-04,-1.98E-04,2.46E-04,9.07E-05,4.08E-04,1.18E-03,6.57E-04,2.01E-03
1990/1/15,0.000094,-0.000088,0.000277,-0.000069,0.000258,0.252304,0.252121,0.252486,0.252141,0.252467,0.000276,0.2552,0.000634,0.255558,0.00030619,0.25523054,0.000104783,-0.00018405,-0.000645576,0.000092,2.71E-04,-1.98E-04,2.46E-04,9.07E-05,4.08E-04,1.18E-03,6.57E-04,2.01E-03
1990/2/15,-0.000312,-0.000421,-0.000202,-0.000479,-0.000144,0.251898,0.251789,0.252007,0.25173,0.252065,0.000182,0.255107,0.000063,0.254988,0.00025594,0.2551803,0.000212084,-0.000162631,-0.001416191,0.000081,2.35E-04,1.81E-05,-3.04E-05,-1.09E-06,4.77E-04,9.59E-05,3.31E-04,1.01E-03
1990/3/15,-0.000279,-0.000357,-0.0002,-0.000447,-0.00011,0.251931,0.251853,0.252009,0.251763,0.252099,0.000203,0.255127,0.000001,0.254925,0.00021174,0.25513609,4.56E-05,-0.000154418,-0.000528722,0.000067,2.35E-04,1.81E-05,-3.04E-05,-1.09E-06,4.77E-04,9.59E-05,3.31E-04,1.01E-03
1990/4/15,0.000145,-0.000033,0.000322,-0.000022,0.000311,0.252354,0.252176,0.252532,0.252187,0.252521,0.00014,0.255065,-0.000085,0.25484,0.00010457,0.25502892,0.000179385,-0.000173383,-0.000288046,0.000077,2.35E-04,1.81E-05,-3.04E-05,-1.09E-06,4.77E-04,9.59E-05,3.31E-04,1.01E-03
1990/5/15,-0.000206,-0.000417,0.000006,-0.000371,-0.00004,0.252004,0.251792,0.252215,0.251838,0.252169,-0.00025,0.254674,0.000039,0.254963,-0.0001374,0.25478695,0.000588576,-0.000192191,-0.00070921,0.000064,2.35E-04,1.81E-05,-3.04E-05,-1.09E-06,4.77E-04,9.59E-05,3.31E-04,1.01E-03
1990/6/15,-0.000028,-0.000215,0.000159,-0.000192,0.000136,0.252181,0.251994,0.252368,0.252017,0.252345,-0.000375,0.25455,-0.000335,0.254589,-0.00035163,0.25457273,0.000720678,-0.00018307,-0.00122529,0.000054,2.35E-04,1.81E-05,-3.04E-05,-1.09E-06,4.77E-04,9.59E-05,3.31E-04,1.01E-03
1990/7/15,-0.000222,-0.000352,-0.000093,-0.000393,-0.000052,0.251987,0.251857,0.252117,0.251817,0.252157,-0.000496,0.254428,0.00013,0.255054,-0.00033024,0.25459412,0.000471394,-0.000160621,-0.000400147,0.000093,2.35E-04,1.81E-05,-3.04E-05,-1.09E-06,4.77E-04,9.59E-05,3.31E-04,1.01E-03
1990/8/15,-0.00035,-0.000477,-0.000223,-0.000525,-0.000175,0.251859,0.251732,0.251986,0.251684,0.252034,-0.000365,0.25456,-0.000008,0.254916,-0.00032951,0.25459485,0.000120156,-0.000168174,0.000252869,0.000094,2.35E-04,1.81E-05,-3.04E-05,-1.09E-06,4.77E-04,9.59E-05,3.31E-04,1.01E-03
1990/9/15,0.000034,-0.000102,0.00017,-0.000147,0.000215,0.252243,0.252107,0.25238,0.252062,0.252425,-0.000639,0.254286,-0.000169,0.254756,-0.00040468,0.25451968,0.000563029,-0.000186789,-0.000980091,0.000049,2.35E-04,1.81E-05,-3.04E-05,-1.09E-06,4.77E-04,9.59E-05,3.31E-04,1.01E-03
1990/10/15,0.00003,-0.000116,0.000177,-0.000152,0.000213,0.25224,0.252094,0.252386,0.252057,0.252423,-0.000748,0.254177,-0.000238,0.254686,-0.00057955,0.25434481,0.000348474,-0.000216019,-0.000526107,0.000021,2.35E-04,1.81E-05,-3.04E-05,-1.09E-06,4.77E-04,9.59E-05,3.31E-04,1.01E-03
1990/11/15,0.000133,-0.000079,0.000345,-0.000048,0.000314,0.252342,0.25213,0.252554,0.252162,0.252523,-0.000818,0.254107,-0.000163,0.254762,-0.00064614,0.25427821,0.000549416,-0.000229894,-0.000198113,-0.000065,2.35E-04,1.81E-05,-3.04E-05,-1.09E-06,4.77E-04,9.59E-05,3.31E-04,1.01E-03
1990/12/15,-0.000073,-0.000386,0.00024,-0.000252,0.000106,0.252137,0.251823,0.25245,0.251958,0.252316,-0.001055,0.253869,-0.000042,0.254883,-0.00061184,0.25431252,0.000385872,-0.000251546,-0.001359119,-0.000088,2.35E-04,1.81E-05,-3.04E-05,-1.09E-06,4.77E-04,9.59E-05,3.31E-04,1.01E-03
1991/1/15,-0.000112,-0.000327,0.000104,-0.000283,0.000059,0.252098,0.251882,0.252313,0.251927,0.252269,-0.000841,0.254083,-0.000343,0.254581,-0.00076473,0.25415962,0.000351781,-0.000277884,-0.000504445,-0.000088,2.35E-04,1.81E-05,-3.04E-05,-1.09E-06,4.77E-04,9.59E-05,3.31E-04,1.01E-03
1991/2/15,-0.00002,-0.000247,0.000207,-0.000197,0.000157,0.252189,0.251962,0.252417,0.252012,0.252367,-0.000576,0.254349,-0.000531,0.254393,-0.00031814,0.25460621,0.000455564,-0.000212413,-0.000451724,-0.000078,2.97E-04,-1.24E-05,-2.73E-04,-5.79E-05,5.86E-04,4.14E-04,3.86E-04,1.37E-03
1991/3/15,-0.000111,-0.000244,0.000023,-0.000297,0.000076,0.252099,0.251966,0.252232,0.251912,0.252286,-0.000395,0.254529,-0.000171,0.254754,-0.00027615,0.25464821,0.000392216,-0.000217964,3.20E-05,-0.000071,2.97E-04,-1.24E-05,-2.73E-04,-5.79E-05,5.86E-04,4.14E-04,3.86E-04,1.37E-03
1991/4/15,0.000152,-0.000094,0.000398,-0.000037,0.000341,0.252362,0.252116,0.252607,0.252173,0.25255,-0.000564,0.254361,-0.000143,0.254782,-0.00048622,0.25443814,0.000159346,-0.000247946,-0.001373277,-0.000081,2.97E-04,-1.24E-05,-2.73E-04,-5.79E-05,5.86E-04,4.14E-04,3.86E-04,1.37E-03
1991/5/15,-0.000132,-0.000316,0.000051,-0.000323,0.000058,0.252077,0.251893,0.25226,0.251886,0.252268,-0.000515,0.254409,-0.000308,0.254617,-0.00051985,0.25440451,0.000473088,-0.000252877,-0.001091336,-0.000053,2.97E-04,-1.24E-05,-2.73E-04,-5.79E-05,5.86E-04,4.14E-04,3.86E-04,1.37E-03
1991/6/15,-0.000166,-0.000388,0.000056,-0.000357,0.000025,0.252043,0.251822,0.252265,0.251852,0.252234,-0.000474,0.25445,-0.000468,0.254456,-0.00037695,0.25454741,0.000435325,-0.000264792,-0.000720225,-0.000071,2.97E-04,-1.24E-05,-2.73E-04,-5.79E-05,5.86E-04,4.14E-04,3.86E-04,1.37E-03
1991/7/15,-0.000125,-0.000323,0.000073,-0.000322,0.000071,0.252084,0.251886,0.252282,0.251888,0.252281,-0.000425,0.254499,-0.000317,0.254607,-0.00042094,0.25450342,-2.62E-05,-0.000251776,-0.000973115,-0.000072,2.97E-04,-1.24E-05,-2.73E-04,-5.79E-05,5.86E-04,4.14E-04,3.86E-04,1.37E-03
1991/8/15,0.000044,-0.000202,0.00029,-0.000157,0.000244,0.252253,0.252007,0.252499,0.252053,0.252454,-0.000522,0.254402,-0.000348,0.254576,-0.00040335,0.25452101,0.000179493,-0.000222857,-0.00093158,-0.000067,2.97E-04,-1.24E-05,-2.73E-04,-5.79E-05,5.86E-04,4.14E-04,3.86E-04,1.37E-03
1991/9/15,-0.000064,-0.000215,0.000087,-0.00027,0.000142,0.252145,0.251995,0.252296,0.25194,0.252351,0.000137,0.255061,-0.00015,0.254774,0.00002097,0.25494532,0.000557034,-0.000130785,-0.000721879,-0.000094,2.97E-04,-1.24E-05,-2.73E-04,-5.79E-05,5.86E-04,4.14E-04,3.86E-04,1.37E-03
1991/10/15,-0.000158,-0.000287,-0.00003,-0.000364,0.000047,0.252051,0.251922,0.25218,0.251845,0.252257,-0.000266,0.254658,-0.000076,0.254849,0.00001037,0.25493473,0.000629567,-0.000107429,0.000613489,-0.000177,2.97E-04,-1.24E-05,-2.73E-04,-5.79E-05,5.86E-04,4.14E-04,3.86E-04,1.37E-03
1991/11/15,-0.000093,-0.00017,-0.000016,-0.00032,0.000135,0.252117,0.25204,0.252193,0.251889,0.252344,0.00051,0.255434,0.000185,0.25511,0.00039446,0.25531882,0.000960184,-1.97E-06,0.000437376,-0.000184,2.97E-04,-1.24E-05,-2.73E-04,-5.79E-05,5.86E-04,4.14E-04,3.86E-04,1.37E-03
1991/12/15,-0.000042,-0.000106,0.000023,-0.000276,0.000193,0.252168,0.252103,0.252232,0.251933,0.252402,0.000211,0.255135,0.000378,0.255302,0.00013755,0.25506191,0.001072002,6.03E-05,0.00097609,-0.000163,2.97E-04,-1.24E-05,-2.73E-04,-5.79E-05,5.86E-04,4.14E-04,3.86E-04,1.37E-03
1992/1/15,0.000286,-0.000045,0.000617,0.000057,0.000515,0.252496,0.252164,0.252827,0.252266,0.252725,0.000183,0.255108,0.000138,0.255063,0.00031429,0.25523865,0.000786986,0.000115828,6.01E-05,-0.000154,2.97E-04,-1.24E-05,-2.73E-04,-5.79E-05,5.86E-04,4.14E-04,3.86E-04,1.37E-03
1992/2/15,0.000347,0.000002,0.000691,0.000117,0.000577,0.252556,0.252212,0.2529,0.252326,0.252786,0.000193,0.255117,0.000222,0.255146,0.0003259,0.25525025,0.000893209,0.000214305,0.00038333,-0.000173,1.53E-04,-1.17E-04,-4.68E-04,-1.17E-05,6.45E-04,1.19E-03,7.03E-04,1.57E-03
1992/3/15,-0.000024,-0.000145,0.000098,-0.000253,0.000206,0.252186,0.252064,0.252307,0.251956,0.252415,0.000278,0.255203,0.000303,0.255228,0.00041487,0.25533923,0.001076984,0.000296566,0.000817519,-0.000192,1.53E-04,-1.17E-04,-4.68E-04,-1.17E-05,6.45E-04,1.19E-03,7.03E-04,1.57E-03
1992/4/15,0.000537,0.000304,0.000769,0.000306,0.000767,0.252746,0.252513,0.252979,0.252515,0.252977,0.000274,0.255198,0.000541,0.255466,0.00036484,0.2552892,0.0005076,0.000304347,0.001539847,-0.000183,1.53E-04,-1.17E-04,-4.68E-04,-1.17E-05,6.45E-04,1.19E-03,7.03E-04,1.57E-03
1992/5/15,0.00054,0.00033,0.00075,0.000312,0.000768,0.252749,0.252539,0.252959,0.252522,0.252977,0.000311,0.255235,0.000291,0.255216,0.00044169,0.25536605,0.001022349,0.000313764,-0.000145519,-0.000161,1.53E-04,-1.17E-04,-4.68E-04,-1.17E-05,6.45E-04,1.19E-03,7.03E-04,1.57E-03
1992/6/15,0.000573,0.000254,0.000892,0.000343,0.000803,0.252782,0.252463,0.253101,0.252552,0.253012,0.000421,0.255345,0.000233,0.255157,0.00046159,0.25538595,0.000800274,0.000291413,-6.80E-05,-0.000168,1.53E-04,-1.17E-04,-4.68E-04,-1.17E-05,6.45E-04,1.19E-03,7.03E-04,1.57E-03
1992/7/15,0.000257,0.000032,0.000482,0.00003,0.000485,0.252467,0.252241,0.252692,0.252239,0.252694,0.000399,0.255323,0.000249,0.255174,0.00039199,0.25531635,0.000913399,0.000302658,0.000298207,-0.000187,1.53E-04,-1.17E-04,-4.68E-04,-1.17E-05,6.45E-04,1.19E-03,7.03E-04,1.57E-03
1992/8/15,0.000278,0.000023,0.000533,0.00005,0.000506,0.252487,0.252232,0.252742,0.252259,0.252716,0.000183,0.255108,0.000306,0.255231,0.00022515,0.25514951,0.001164665,0.000334913,0.000523725,-0.000216,1.53E-04,-1.17E-04,-4.68E-04,-1.17E-05,6.45E-04,1.19E-03,7.03E-04,1.57E-03
1992/9/15,0.000365,0.000231,0.000498,0.000136,0.000594,0.252574,0.252441,0.252708,0.252346,0.252803,0.000283,0.255207,0.000205,0.255129,0.00027366,0.25519802,0.001267637,0.000407983,-8.37E-05,-0.00023,1.53E-04,-1.17E-04,-4.68E-04,-1.17E-05,6.45E-04,1.19E-03,7.03E-04,1.57E-03
1992/10/15,0.000798,0.000131,0.001464,0.000565,0.001031,0.253007,0.25234,0.253674,0.252774,0.25324,0.000551,0.255475,0.000523,0.255447,0.00052376,0.25544812,0.000949999,0.000425653,0.001199575,-0.000252,1.53E-04,-1.17E-04,-4.68E-04,-1.17E-05,6.45E-04,1.19E-03,7.03E-04,1.57E-03
1992/11/15,0.000498,0.000117,0.000879,0.000268,0.000728,0.252708,0.252327,0.253089,0.252478,0.252937,0.001276,0.2562,0.00059,0.255514,0.00098183,0.25590619,0.00063762,0.000441398,0.001029658,-0.000278,1.53E-04,-1.17E-04,-4.68E-04,-1.17E-05,6.45E-04,1.19E-03,7.03E-04,1.57E-03
1992/12/15,0.000169,-0.000018,0.000355,-0.000061,0.000399,0.252378,0.252191,0.252565,0.252148,0.252608,-0.000192,0.254732,0.000262,0.255186,-0.00002036,0.254904,0.000879245,0.000332422,0.002450841,-0.000212,1.53E-04,-1.17E-04,-4.68E-04,-1.17E-05,6.45E-04,1.19E-03,7.03E-04,1.57E-03
1993/1/15,0.000382,0.000141,0.000623,0.00015,0.000614,0.252591,0.25235,0.252832,0.252359,0.252823,0.000223,0.255147,0.000674,0.255598,0.00024978,0.25517414,0.000741618,0.000294852,0.000573154,-0.000218,1.53E-04,-1.17E-04,-4.68E-04,-1.17E-05,6.45E-04,1.19E-03,7.03E-04,1.57E-03
1993/2/15,0.000501,0.000291,0.00071,0.000272,0.000729,0.25271,0.252501,0.25292,0.252481,0.252939,0.000133,0.255057,0.000756,0.25568,0.00013088,0.25505524,0.000598864,0.000318687,0.001595677,-0.000248,-3.05E-04,-5.58E-04,-5.99E-04,-5.39E-04,7.12E-04,1.47E-03,7.38E-04,9.68E-04
1993/3/15,0.000281,0.000118,0.000445,0.000063,0.000499,0.252491,0.252327,0.252654,0.252273,0.252709,0.000228,0.255153,0.000644,0.255568,0.00027347,0.25519783,0.00052908,0.000332002,0.00144102,-0.000253,-3.05E-04,-5.58E-04,-5.99E-04,-5.39E-04,7.12E-04,1.47E-03,7.38E-04,9.68E-04
1993/4/15,0.000138,-0.000033,0.00031,-0.000086,0.000362,0.252348,0.252176,0.252519,0.252123,0.252572,0.000287,0.255211,0.000314,0.255238,0.00029661,0.25522096,0.000754477,0.00033644,-0.000536675,-0.000265,-3.05E-04,-5.58E-04,-5.99E-04,-5.39E-04,7.12E-04,1.47E-03,7.38E-04,9.68E-04
1993/5/15,0.000344,0.0001,0.000587,0.00012,0.000568,0.252553,0.25231,0.252796,0.252329,0.252777,0.000186,0.255111,0.000439,0.255364,0.00022158,0.25514594,0.000901988,0.000335562,-0.000578158,-0.000252,-3.05E-04,-5.58E-04,-5.99E-04,-5.39E-04,7.12E-04,1.47E-03,7.38E-04,9.68E-04
1993/6/15,-0.00006,-0.000221,0.000101,-0.00028,0.00016,0.25215,0.251989,0.25231,0.25193,0.252369,0.000146,0.255071,-0.000068,0.254857,0.00010265,0.25502701,0.000848682,0.000311829,-0.001235226,-0.000223,-3.05E-04,-5.58E-04,-5.99E-04,-5.39E-04,7.12E-04,1.47E-03,7.38E-04,9.68E-04
1993/7/15,0.000152,-0.000064,0.000369,-0.000057,0.000362,0.252362,0.252146,0.252578,0.252152,0.252571,0.000372,0.255296,0.00007,0.254995,0.0001765,0.25510085,0.000849903,0.000296354,0.000307992,-0.000131,-3.05E-04,-5.58E-04,-5.99E-04,-5.39E-04,7.12E-04,1.47E-03,7.38E-04,9.68E-04
1993/8/15,0.00026,0.000006,0.000515,0.000045,0.000476,0.25247,0.252215,0.252724,0.252254,0.252685,0.000239,0.255164,0.000371,0.255296,0.00035443,0.25527879,0.0009366,0.000286767,0.000197379,-0.000107,-3.05E-04,-5.58E-04,-5.99E-04,-5.39E-04,7.12E-04,1.47E-03,7.38E-04,9.68E-04
1993/9/15,0.000238,-0.000016,0.000491,0.000024,0.000452,0.252447,0.252194,0.252701,0.252233,0.252661,0.00038,0.255305,0.00053,0.255454,0.00053826,0.25546262,0.000652364,0.000303242,0.000228828,-0.000002,-3.05E-04,-5.58E-04,-5.99E-04,-5.39E-04,7.12E-04,1.47E-03,7.38E-04,9.68E-04
1993/10/15,0.00017,0.000115,0.000226,-0.000051,0.000391,0.25238,0.252324,0.252436,0.252159,0.252601,0.000494,0.255419,0.00029,0.255214,0.00063884,0.2555632,0.000681386,0.000299852,-0.000519737,0.00006,-3.05E-04,-5.58E-04,-5.99E-04,-5.39E-04,7.12E-04,1.47E-03,7.38E-04,9.68E-04
1993/11/15,0.000289,0.000213,0.000366,0.000091,0.000488,0.252499,0.252422,0.252575,0.2523,0.252697,0.000646,0.255571,0.0004,0.255325,0.00058807,0.25551243,0.000740239,0.000301842,-0.000803951,0.000116,-3.05E-04,-5.58E-04,-5.99E-04,-5.39E-04,7.12E-04,1.47E-03,7.38E-04,9.68E-04
1993/12/15,-0.000253,-0.000365,-0.00014,-0.000443,-0.000063,0.251957,0.251844,0.252069,0.251767,0.252147,-0.00007,0.254855,0.000191,0.255116,0.0001515,0.25507586,0.000526062,0.000207892,-0.00114241,0.00015,-3.05E-04,-5.58E-04,-5.99E-04,-5.39E-04,7.12E-04,1.47E-03,7.38E-04,9.68E-04
1994/1/15,0.000509,0.000255,0.000763,0.000316,0.000702,0.252718,0.252465,0.252972,0.252525,0.252912,-0.000353,0.254571,0.000358,0.255282,0.00001612,0.25494048,0.000655435,0.00018385,-0.000199477,0.000234,-3.05E-04,-5.58E-04,-5.99E-04,-5.39E-04,7.12E-04,1.47E-03,7.38E-04,9.68E-04
1994/2/15,0.000064,-0.000024,0.000151,-0.000128,0.000255,0.252273,0.252186,0.25236,0.252082,0.252464,0.000168,0.255092,0.000653,0.255577,0.00020928,0.25513364,9.51E-05,0.000250405,1.80E-05,0.000297,-4.58E-04,-4.58E-04,-6.53E-04,-3.35E-04,7.55E-04,1.15E-03,6.77E-04,8.05E-04
1994/3/15,0.000122,-0.000149,0.000394,-0.000067,0.000312,0.252332,0.252061,0.252603,0.252142,0.252521,0.000176,0.2551,0.000378,0.255302,0.00041444,0.2553388,0.00043667,0.000258631,5.72E-05,0.000304,-4.58E-04,-4.58E-04,-6.53E-04,-3.35E-04,7.55E-04,1.15E-03,6.77E-04,8.05E-04
1994/4/15,0.000078,-0.000151,0.000306,-0.000111,0.000267,0.252287,0.252058,0.252516,0.252098,0.252476,0.000203,0.255128,0.000727,0.255651,0.00031707,0.25524143,0.000655784,0.000221403,0.002057263,0.000314,-4.58E-04,-4.58E-04,-6.53E-04,-3.35E-04,7.55E-04,1.15E-03,6.77E-04,8.05E-04
1994/5/15,-0.000012,-0.000122,0.000098,-0.000207,0.000183,0.252197,0.252087,0.252307,0.252002,0.252392,0.000135,0.25506,-0.000123,0.254801,0.00027078,0.25519514,0.00054973,0.000183213,0.00028576,0.000291,-4.58E-04,-4.58E-04,-6.53E-04,-3.35E-04,7.55E-04,1.15E-03,6.77E-04,8.05E-04
1994/6/15,0.000278,0.000206,0.00035,0.000088,0.000469,0.252488,0.252416,0.25256,0.252297,0.252679,0.000077,0.255002,0.000246,0.25517,0.00028566,0.25521002,0.001098095,0.000153937,0.000491339,0.000303,-4.58E-04,-4.58E-04,-6.53E-04,-3.35E-04,7.55E-04,1.15E-03,6.77E-04,8.05E-04
1994/7/15,0.000369,-0.000001,0.00074,0.000176,0.000563,0.252579,0.252208,0.252949,0.252385,0.252772,-0.000032,0.254892,0.000093,0.255017,-0.00012014,0.25480421,0.000352507,0.000128344,0.000327254,0.000335,-4.58E-04,-4.58E-04,-6.53E-04,-3.35E-04,7.55E-04,1.15E-03,6.77E-04,8.05E-04
1994/8/15,0.000165,-0.000057,0.000387,-0.000027,0.000357,0.252374,0.252153,0.252596,0.252182,0.252567,-0.000072,0.254853,0.000137,0.255062,-0.00010556,0.25481879,0.000230181,0.000107706,0.000360237,0.000408,-4.58E-04,-4.58E-04,-6.53E-04,-3.35E-04,7.55E-04,1.15E-03,6.77E-04,8.05E-04
1994/9/15,0.00015,-0.000146,0.000445,-0.000036,0.000335,0.252359,0.252064,0.252654,0.252173,0.252544,-0.000191,0.254734,-0.00001,0.254915,-0.00001336,0.254911,0.00038796,9.97E-05,-0.000544791,0.000426,-4.58E-04,-4.58E-04,-6.53E-04,-3.35E-04,7.55E-04,1.15E-03,6.77E-04,8.05E-04
1994/10/15,-0.000048,-0.000177,0.00008,-0.000232,0.000135,0.252161,0.252032,0.25229,0.251977,0.252344,0.000357,0.255281,0.000208,0.255132,0.00032129,0.25524565,-0.000236515,0.000109763,0.000980118,0.000441,-4.58E-04,-4.58E-04,-6.53E-04,-3.35E-04,7.55E-04,1.15E-03,6.77E-04,8.05E-04
1994/11/15,0.000135,-0.000039,0.00031,-0.000054,0.000325,0.252345,0.25217,0.252519,0.252155,0.252534,-0.000129,0.254796,0.0002,0.255124,0.0000278,0.25495216,0.000206509,9.83E-05,-0.00031631,0.000332,-4.58E-04,-4.58E-04,-6.53E-04,-3.35E-04,7.55E-04,1.15E-03,6.77E-04,8.05E-04
1994/12/15,-0.000304,-0.000572,-0.000037,-0.000495,-0.000114,0.251905,0.251638,0.252173,0.251715,0.252095,-0.000346,0.254578,0.000157,0.255081,-0.00010978,0.25481458,-9.24E-05,4.53E-05,-0.000112183,0.000295,-4.58E-04,-4.58E-04,-6.53E-04,-3.35E-04,7.55E-04,1.15E-03,6.77E-04,8.05E-04
1995/1/15,0.000044,-0.00015,0.000238,-0.000147,0.000235,0.252253,0.252059,0.252447,0.252062,0.252444,-0.000528,0.254397,-0.000215,0.254709,-0.00027665,0.2546477,-3.52E-05,2.40E-05,-0.000659233,0.000319,-4.58E-04,-4.58E-04,-6.53E-04,-3.35E-04,7.55E-04,1.15E-03,6.77E-04,8.05E-04
1995/2/15,-0.000058,-0.000222,0.000106,-0.000243,0.000127,0.252151,0.251987,0.252315,0.251966,0.252336,-0.000732,0.254192,-0.000031,0.254893,-0.00042524,0.25449912,-2.33E-05,8.04E-05,-8.35E-05,0.000332,-3.56E-04,-1.37E-04,-6.43E-04,-8.90E-05,6.79E-04,6.52E-04,4.35E-04,-6.73E-04
1995/3/15,-0.000259,-0.000408,-0.00011,-0.000451,-0.000067,0.251951,0.251802,0.2521,0.251759,0.252143,-0.000634,0.25429,0.000047,0.254971,-0.00029589,0.25462847,-0.00013315,4.69E-05,-0.000159143,0.000336,-3.56E-04,-1.37E-04,-6.43E-04,-8.90E-05,6.79E-04,6.52E-04,4.35E-04,-6.73E-04
1995/4/15,-0.000547,-0.000869,-0.000225,-0.000737,-0.000357,0.251662,0.25134,0.251985,0.251472,0.251853,-0.000724,0.2542,-0.000117,0.254807,-0.00043719,0.25448716,-6.38E-05,5.54E-06,0.000224923,0.000336,-3.56E-04,-1.37E-04,-6.43E-04,-8.90E-05,6.79E-04,6.52E-04,4.35E-04,-6.73E-04
1995/5/15,-0.000167,-0.000308,-0.000026,-0.000353,0.00002,0.252043,0.251902,0.252184,0.251856,0.252229,-0.000547,0.254377,-0.00001,0.254915,-0.00045485,0.25446951,-0.000193929,-1.92E-05,0.00091764,0.000312,-3.56E-04,-1.37E-04,-6.43E-04,-8.90E-05,6.79E-04,6.52E-04,4.35E-04,-6.73E-04
1995/6/15,0.000017,-0.000209,0.000243,-0.000168,0.000202,0.252226,0.252,0.252452,0.252041,0.252411,-0.000771,0.254153,-0.000073,0.254852,-0.00056426,0.2543601,-0.000163063,-4.56E-05,7.80E-05,0.000296,-3.56E-04,-1.37E-04,-6.43E-04,-8.90E-05,6.79E-04,6.52E-04,4.35E-04,-6.73E-04
1995/7/15,-0.000163,-0.00035,0.000025,-0.000348,0.000023,0.252047,0.251859,0.252235,0.251861,0.252232,-0.000508,0.254416,-0.000049,0.254875,-0.00056362,0.25436074,-0.000514665,-5.64E-05,0.00100493,0.000287,-3.56E-04,-1.37E-04,-6.43E-04,-8.90E-05,6.79E-04,6.52E-04,4.35E-04,-6.73E-04
1995/8/15,-0.000159,-0.000248,-0.00007,-0.000335,0.000017,0.25205,0.251961,0.252139,0.251875,0.252226,-0.000796,0.254129,-0.000305,0.254619,-0.00071544,0.25420891,-0.000327369,-0.000102108,0.000777547,0.000303,-3.56E-04,-1.37E-04,-6.43E-04,-8.90E-05,6.79E-04,6.52E-04,4.35E-04,-6.73E-04
1995/9/15,-0.000221,-0.000425,-0.000017,-0.000392,-0.00005,0.251988,0.251784,0.252193,0.251818,0.252159,-0.000928,0.253997,-0.000324,0.2546,-0.00075056,0.2541738,-0.000511897,-0.000142074,0.000155806,0.0003,-3.56E-04,-1.37E-04,-6.43E-04,-8.90E-05,6.79E-04,6.52E-04,4.35E-04,-6.73E-04
1995/10/15,-0.000173,-0.00037,0.000023,-0.000338,-0.000009,0.252036,0.251839,0.252233,0.251871,0.252201,-0.001381,0.253543,-0.000594,0.25433,-0.00099583,0.25392852,-0.000234267,-0.000159839,-0.000481966,0.000302,-3.56E-04,-1.37E-04,-6.43E-04,-8.90E-05,6.79E-04,6.52E-04,4.35E-04,-6.73E-04
1995/11/15,-0.000136,-0.000235,-0.000036,-0.000299,0.000028,0.252074,0.251974,0.252173,0.25191,0.252237,-0.001284,0.25364,-0.000464,0.25446,-0.00050387,0.25442049,-0.00037609,-0.000125631,3.40E-05,0.000208,-3.56E-04,-1.37E-04,-6.43E-04,-8.90E-05,6.79E-04,6.52E-04,4.35E-04,-6.73E-04
1995/12/15,-0.000034,-0.000168,0.000099,-0.000198,0.000129,0.252175,0.252042,0.252308,0.252011,0.252339,-0.001498,0.253426,-0.000441,0.254484,-0.00122534,0.25369901,5.68E-05,-0.000186242,-0.000366153,0.000184,-3.56E-04,-1.37E-04,-6.43E-04,-8.90E-05,6.79E-04,6.52E-04,4.35E-04,-6.73E-04
1996/1/15,-0.000384,-0.000488,-0.000279,-0.000547,-0.00022,0.251826,0.251721,0.25193,0.251663,0.251989,-0.001158,0.253766,-0.000961,0.253963,-0.00116348,0.25376087,-0.000494422,-0.000192654,-0.001461101,0.00025,-3.56E-04,-1.37E-04,-6.43E-04,-8.90E-05,6.79E-04,6.52E-04,4.35E-04,-6.73E-04
1996/2/15,-0.000084,-0.00034,0.000171,-0.000249,0.000081,0.252125,0.251869,0.252381,0.25196,0.25229,-0.001056,0.253869,-0.000621,0.254303,-0.00111258,0.25381177,-0.000240609,-0.000173273,0.000230029,0.000259,-8.30E-04,-8.19E-04,-6.13E-04,-7.37E-04,5.13E-04,8.45E-04,3.75E-04,5.27E-04
1996/3/15,0.000579,0.000346,0.000813,0.000413,0.000745,0.252789,0.252555,0.253022,0.252623,0.252954,-0.001243,0.253681,-0.000947,0.253978,-0.00122333,0.25370103,-6.01E-05,-0.000167271,-0.000987852,0.000221,-8.30E-04,-8.19E-04,-6.13E-04,-7.37E-04,5.13E-04,8.45E-04,3.75E-04,5.27E-04
1996/4/15,-0.000143,-0.000272,-0.000013,-0.000317,0.000032,0.252067,0.251938,0.252196,0.251892,0.252242,-0.000892,0.254033,-0.000602,0.254322,-0.00110857,0.25381579,0.000308784,-0.000173619,-0.000696126,0.000183,-8.30E-04,-8.19E-04,-6.13E-04,-7.37E-04,5.13E-04,8.45E-04,3.75E-04,5.27E-04
1996/5/15,-0.000378,-0.000461,-0.000294,-0.000549,-0.000207,0.251832,0.251749,0.251915,0.251661,0.252003,-0.000773,0.254151,-0.000543,0.254381,-0.00083333,0.25409103,-0.00034732,-0.000212476,-0.000126731,0.000154,-8.30E-04,-8.19E-04,-6.13E-04,-7.37E-04,5.13E-04,8.45E-04,3.75E-04,5.27E-04
1996/6/15,-0.000131,-0.000211,-0.000051,-0.0003,0.000037,0.252078,0.251998,0.252158,0.25191,0.252247,-0.000643,0.254282,-0.000291,0.254634,-0.00081601,0.25410835,-0.000631617,-0.000255232,-0.000641817,0.000128,-8.30E-04,-8.19E-04,-6.13E-04,-7.37E-04,5.13E-04,8.45E-04,3.75E-04,5.27E-04
1996/7/15,-0.000034,-0.000175,0.000107,-0.000197,0.000129,0.252175,0.252034,0.252316,0.252012,0.252338,-0.000362,0.254562,-0.00026,0.254664,-0.00066867,0.25425568,-0.000829697,-0.000275527,-0.001110738,0.000108,-8.30E-04,-8.19E-04,-6.13E-04,-7.37E-04,5.13E-04,8.45E-04,3.75E-04,5.27E-04
1996/8/15,-0.000262,-0.000363,-0.00016,-0.000421,-0.000102,0.251948,0.251846,0.252049,0.251788,0.252107,-0.000709,0.254215,-0.000587,0.254338,-0.00076933,0.25415503,-8.71E-05,-0.000254438,-0.001727653,0.0001,-8.30E-04,-8.19E-04,-6.13E-04,-7.37E-04,5.13E-04,8.45E-04,3.75E-04,5.27E-04
1996/9/15,-0.000047,-0.000195,0.000101,-0.000208,0.000115,0.252163,0.252015,0.252311,0.252001,0.252324,-0.000915,0.254009,-0.000262,0.254662,-0.00086173,0.25406263,-0.0007113,-0.000247803,-0.001385553,0.00011,-8.30E-04,-8.19E-04,-6.13E-04,-7.37E-04,5.13E-04,8.45E-04,3.75E-04,5.27E-04
1996/10/15,-0.000215,-0.000319,-0.000112,-0.000374,-0.000056,0.251994,0.25189,0.252098,0.251835,0.252153,-0.001292,0.253633,-0.000272,0.254652,-0.00118115,0.25374321,-0.000555722,-0.000241098,0.000179991,0.000098,-8.30E-04,-8.19E-04,-6.13E-04,-7.37E-04,5.13E-04,8.45E-04,3.75E-04,5.27E-04
1996/11/15,-0.000385,-0.00056,-0.00021,-0.000543,-0.000228,0.251824,0.251649,0.251999,0.251667,0.251982,-0.000384,0.254541,-0.000441,0.254484,-0.00069458,0.25422978,-0.000439398,-0.000293813,-0.000469655,0.000045,-8.30E-04,-8.19E-04,-6.13E-04,-7.37E-04,5.13E-04,8.45E-04,3.75E-04,5.27E-04
1996/12/15,-0.000093,-0.000346,0.00016,-0.000261,0.000075,0.252116,0.251863,0.25237,0.251948,0.252285,-0.001592,0.253332,-0.000671,0.254253,-0.00132999,0.25359436,-0.000491019,-0.000327538,-0.001167373,0.000024,-8.30E-04,-8.19E-04,-6.13E-04,-7.37E-04,5.13E-04,8.45E-04,3.75E-04,5.27E-04
1997/1/15,-0.000256,-0.0005,-0.000012,-0.000434,-0.000078,0.251953,0.25171,0.252197,0.251775,0.252132,-0.001043,0.253881,-0.000535,0.254389,-0.00114881,0.25377555,-0.000637177,-0.000414342,-0.001088186,0.00008,-8.30E-04,-8.19E-04,-6.13E-04,-7.37E-04,5.13E-04,8.45E-04,3.75E-04,5.27E-04
1997/2/15,0.000061,-0.000115,0.000237,-0.000128,0.00025,0.25227,0.252094,0.252446,0.252081,0.252459,-0.001099,0.253826,-0.000842,0.254082,-0.00100015,0.25392421,-0.000317309,-0.000348615,-0.002123433,0.000047,-4.62E-04,-4.89E-04,-5.98E-04,-4.66E-04,3.68E-04,-4.93E-04,1.50E-04,-2.52E-04
1997/3/15,-0.000029,-0.000397,0.000339,-0.000217,0.000159,0.25218,0.251812,0.252549,0.251993,0.252368,-0.000893,0.254031,-0.000306,0.254619,-0.00071966,0.2542047,-0.000226138,-0.000339721,-0.002439912,0.000006,-4.62E-04,-4.89E-04,-5.98E-04,-4.66E-04,3.68E-04,-4.93E-04,1.50E-04,-2.52E-04
1997/4/15,0.000127,-0.000105,0.000359,-0.000056,0.00031,0.252336,0.252104,0.252569,0.252153,0.252519,-0.001096,0.253828,-0.000658,0.254267,-0.00087056,0.2540538,-0.000643794,-0.000336891,-0.003659473,-0.000019,-4.62E-04,-4.89E-04,-5.98E-04,-4.66E-04,3.68E-04,-4.93E-04,1.50E-04,-2.52E-04
1997/5/15,-0.000453,-0.000532,-0.000375,-0.000637,-0.00027,0.251756,0.251677,0.251835,0.251573,0.251939,-0.000784,0.254141,-0.000736,0.254188,-0.00086264,0.25406171,-0.000399047,-0.000343343,-0.004098312,-0.000046,-4.62E-04,-4.89E-04,-5.98E-04,-4.66E-04,3.68E-04,-4.93E-04,1.50E-04,-2.52E-04
1997/6/15,-0.000696,-0.000789,-0.000603,-0.000884,-0.000509,0.251513,0.25142,0.251606,0.251326,0.251701,-0.000841,0.254083,-0.000719,0.254206,-0.00079336,0.254131,-0.000229643,-0.000379269,-0.004242145,-0.000056,-4.62E-04,-4.89E-04,-5.98E-04,-4.66E-04,3.68E-04,-4.93E-04,1.50E-04,-2.52E-04
1997/7/15,-0.000392,-0.000496,-0.000288,-0.000584,-0.000201,0.251817,0.251713,0.251921,0.251626,0.252009,-0.000567,0.254358,-0.000772,0.254153,-0.0005551,0.25436926,-0.000391229,-0.000389196,-0.004427814,-0.000102,-4.62E-04,-4.89E-04,-5.98E-04,-4.66E-04,3.68E-04,-4.93E-04,1.50E-04,-2.52E-04
1997/8/15,-0.000483,-0.000627,-0.00034,-0.000679,-0.000287,0.251726,0.251582,0.25187,0.25153,0.251922,-0.000474,0.254451,-0.000409,0.254515,-0.00029857,0.25462579,-0.000307563,-0.000397149,-0.002153182,-0.000142,-4.62E-04,-4.89E-04,-5.98E-04,-4.66E-04,3.68E-04,-4.93E-04,1.50E-04,-2.52E-04
1997/9/15,-0.000418,-0.000558,-0.000277,-0.000624,-0.000211,0.251792,0.251652,0.251932,0.251585,0.251999,-0.000838,0.254086,-0.000644,0.25428,-0.00075239,0.25417197,2.33E-05,-0.000416529,-0.004857012,-0.00016,-4.62E-04,-4.89E-04,-5.98E-04,-4.66E-04,3.68E-04,-4.93E-04,1.50E-04,-2.52E-04
1997/10/15,-0.00072,-0.000879,-0.00056,-0.000925,-0.000514,0.251489,0.25133,0.251649,0.251284,0.251695,-0.000409,0.254515,-0.000221,0.254703,-0.00033871,0.25458565,-0.000282793,-0.000419673,-0.002134385,-0.000126,-4.62E-04,-4.89E-04,-5.98E-04,-4.66E-04,3.68E-04,-4.93E-04,1.50E-04,-2.52E-04
1997/11/15,-0.000273,-0.000629,0.000084,-0.000478,-0.000067,0.251937,0.25158,0.252293,0.251731,0.252142,-0.00037,0.254554,-0.000334,0.25459,-0.00020086,0.2547235,-0.000334952,-0.000452575,-0.000679818,-0.000186,-4.62E-04,-4.89E-04,-5.98E-04,-4.66E-04,3.68E-04,-4.93E-04,1.50E-04,-2.52E-04
1997/12/15,-0.000066,-0.000442,0.00031,-0.000272,0.000141,0.252144,0.251768,0.252519,0.251937,0.25235,-0.00071,0.254215,-0.000696,0.254228,-0.00051912,0.25440524,-0.001006103,-0.000472559,-0.001790607,-0.000193,-4.62E-04,-4.89E-04,-5.98E-04,-4.66E-04,3.68E-04,-4.93E-04,1.50E-04,-2.52E-04
1998/1/15,0.000396,0.00004,0.000752,0.00019,0.000601,0.252605,0.252249,0.252961,0.2524,0.25281,-0.000779,0.254145,-0.001021,0.253903,-0.00103829,0.25388607,-0.000475128,-0.000477204,-0.001351624,-0.000187,-4.62E-04,-4.89E-04,-5.98E-04,-4.66E-04,3.68E-04,-4.93E-04,1.50E-04,-2.52E-04
1998/2/15,-0.000929,-0.001158,-0.000701,-0.001133,-0.000726,0.25128,0.251052,0.251508,0.251077,0.251483,-0.00104,0.253884,-0.000726,0.254198,-0.00077451,0.25414985,-0.000574197,-0.000448326,-0.00205592,-0.000169,-3.30E-04,-4.89E-04,-6.21E-04,-9.52E-04,1.92E-04,-9.07E-04,-1.05E-04,3.06E-04
1998/3/15,-0.000254,-0.000375,-0.000132,-0.000459,-0.000048,0.251956,0.251834,0.252077,0.25175,0.252161,-0.000818,0.254106,-0.0006,0.254325,-0.00068921,0.25423515,-0.000514922,-0.000426663,-0.002018766,-0.000167,-3.30E-04,-4.89E-04,-6.21E-04,-9.52E-04,1.92E-04,-9.07E-04,-1.05E-04,3.06E-04
1998/4/15,-0.001014,-0.001151,-0.000877,-0.001213,-0.000815,0.251195,0.251059,0.251332,0.250996,0.251395,-0.000829,0.254095,-0.000313,0.254611,-0.00054008,0.25438427,9.06E-06,-0.000442173,-0.000991454,-0.000174,-3.30E-04,-4.89E-04,-6.21E-04,-9.52E-04,1.92E-04,-9.07E-04,-1.05E-04,3.06E-04
1998/5/15,-0.001102,-0.001286,-0.000919,-0.001301,-0.000903,0.251107,0.250924,0.251291,0.250908,0.251306,-0.000643,0.254281,-0.000525,0.254399,-0.00045904,0.25446532,-0.000367316,-0.000444741,-0.000854111,-0.000212,-3.30E-04,-4.89E-04,-6.21E-04,-9.52E-04,1.92E-04,-9.07E-04,-1.05E-04,3.06E-04
1998/6/15,-0.000526,-0.000701,-0.000351,-0.000729,-0.000322,0.251684,0.251509,0.251859,0.25148,0.251888,-0.000373,0.254552,-0.000431,0.254493,-0.00025117,0.25467319,0.000408177,-0.000444115,-0.001416861,-0.000255,-3.30E-04,-4.89E-04,-6.21E-04,-9.52E-04,1.92E-04,-9.07E-04,-1.05E-04,3.06E-04
1998/7/15,-0.000114,-0.000362,0.000135,-0.00032,0.000093,0.252096,0.251847,0.252344,0.251889,0.252303,-0.000712,0.254213,-0.000549,0.254376,-0.00029115,0.2546332,6.32E-05,-0.000487843,-0.001713296,-0.000276,-3.30E-04,-4.89E-04,-6.21E-04,-9.52E-04,1.92E-04,-9.07E-04,-1.05E-04,3.06E-04
1998/8/15,-0.000044,-0.000409,0.000321,-0.000253,0.000165,0.252165,0.2518,0.252531,0.251957,0.252374,-0.000944,0.25398,-0.000755,0.254169,-0.00062494,0.25429941,-0.000286078,-0.000503239,-0.002053141,-0.000254,-3.30E-04,-4.89E-04,-6.21E-04,-9.52E-04,1.92E-04,-9.07E-04,-1.05E-04,3.06E-04
1998/9/15,-0.000514,-0.000628,-0.0004,-0.000725,-0.000303,0.251696,0.251581,0.25181,0.251484,0.251907,-0.000755,0.254169,-0.00045,0.254475,-0.00057367,0.25435069,-0.000392542,-0.000526023,-0.002206886,-0.000248,-3.30E-04,-4.89E-04,-6.21E-04,-9.52E-04,1.92E-04,-9.07E-04,-1.05E-04,3.06E-04
1998/10/15,-0.000281,-0.000389,-0.000173,-0.000491,-0.000071,0.251928,0.25182,0.252037,0.251718,0.252139,-0.001034,0.253891,-0.000426,0.254499,-0.00074928,0.25417508,-5.86E-05,-0.000522396,-0.002114228,-0.000241,-3.30E-04,-4.89E-04,-6.21E-04,-9.52E-04,1.92E-04,-9.07E-04,-1.05E-04,3.06E-04
1998/11/15,-0.000288,-0.000483,-0.000092,-0.000495,-0.00008,0.251922,0.251726,0.252118,0.251714,0.252129,-0.001282,0.253642,-0.000464,0.25446,-0.00104674,0.25387761,-0.000620582,-0.000540019,-0.001879668,-0.000294,-3.30E-04,-4.89E-04,-6.21E-04,-9.52E-04,1.92E-04,-9.07E-04,-1.05E-04,3.06E-04
1998/12/15,-0.000167,-0.00039,0.000056,-0.000367,0.000032,0.252042,0.251819,0.252265,0.251843,0.252241,-0.001751,0.253173,-0.000634,0.25429,-0.00146946,0.2534549,-0.000345735,-0.000598374,-0.001911204,-0.000328,-3.30E-04,-4.89E-04,-6.21E-04,-9.52E-04,1.92E-04,-9.07E-04,-1.05E-04,3.06E-04
1999/1/15,-0.000272,-0.000467,-0.000076,-0.000471,-0.000072,0.251937,0.251742,0.252133,0.251738,0.252137,-0.001015,0.253909,-0.000838,0.254087,-0.00078905,0.25413531,-0.00074605,-0.00061436,-0.002290269,-0.000414,-3.30E-04,-4.89E-04,-6.21E-04,-9.52E-04,1.92E-04,-9.07E-04,-1.05E-04,3.06E-04
1999/2/15,-0.000313,-0.000542,-0.000084,-0.000506,-0.00012,0.251896,0.251667,0.252125,0.251703,0.252089,-0.00144,0.253484,-0.000306,0.254618,-0.00105241,0.25387195,-0.000303718,-0.000551799,-0.002679344,-0.000349,-3.77E-04,-3.62E-04,-7.00E-04,-9.74E-04,-1.98E-05,7.93E-04,6.67E-05,7.51E-04
1999/3/15,-0.0003,-0.000516,-0.000084,-0.0005,-0.0001,0.251909,0.251693,0.252126,0.251709,0.25211,-0.001248,0.253677,-0.000583,0.254342,-0.00092429,0.25400007,-0.000465972,-0.000572823,-0.000723972,-0.00034,-3.77E-04,-3.62E-04,-7.00E-04,-9.74E-04,-1.98E-05,7.93E-04,6.67E-05,7.51E-04
1999/4/15,-0.001063,-0.001285,-0.000841,-0.001272,-0.000854,0.251146,0.250924,0.251369,0.250938,0.251355,-0.001031,0.253893,-0.000606,0.254318,-0.00080747,0.25411689,-0.000565812,-0.000583358,-0.001622044,-0.000337,-3.77E-04,-3.62E-04,-7.00E-04,-9.74E-04,-1.98E-05,7.93E-04,6.67E-05,7.51E-04
1999/5/15,-0.000258,-0.000456,-0.00006,-0.000466,-0.00005,0.251952,0.251754,0.252149,0.251743,0.25216,-0.00095,0.253974,-0.000739,0.254185,-0.00078643,0.25413792,-0.000593164,-0.000605573,-0.001727154,-0.000343,-3.77E-04,-3.62E-04,-7.00E-04,-9.74E-04,-1.98E-05,7.93E-04,6.67E-05,7.51E-04
1999/6/15,-0.000237,-0.000404,-0.00007,-0.000443,-0.000031,0.251972,0.251806,0.252139,0.251767,0.252178,-0.001083,0.253841,-0.000901,0.254023,-0.00089095,0.25403341,0.000287516,-0.000640173,-0.00343843,-0.000379,-3.77E-04,-3.62E-04,-7.00E-04,-9.74E-04,-1.98E-05,7.93E-04,6.67E-05,7.51E-04
1999/7/15,-0.00008,-0.000229,0.000069,-0.000287,0.000127,0.252129,0.25198,0.252279,0.251922,0.252337,-0.001141,0.253784,-0.000877,0.254048,-0.00106853,0.25385583,-0.00042057,-0.000668833,-0.002597485,-0.000389,-3.77E-04,-3.62E-04,-7.00E-04,-9.74E-04,-1.98E-05,7.93E-04,6.67E-05,7.51E-04
1999/8/15,-0.00106,-0.001267,-0.000852,-0.001262,-0.000858,0.251149,0.250942,0.251357,0.250948,0.251351,-0.001145,0.253779,-0.000788,0.254136,-0.00099517,0.25392919,-0.000218086,-0.000676447,-0.001810853,-0.000397,-3.77E-04,-3.62E-04,-7.00E-04,-9.74E-04,-1.98E-05,7.93E-04,6.67E-05,7.51E-04
1999/9/15,-0.000672,-0.000789,-0.000556,-0.000865,-0.00048,0.251537,0.25142,0.251654,0.251345,0.251729,-0.000534,0.25439,-0.000726,0.254199,-0.00061016,0.2543142,-0.000281934,-0.000695261,-0.000661597,-0.000417,-3.77E-04,-3.62E-04,-7.00E-04,-9.74E-04,-1.98E-05,7.93E-04,6.67E-05,7.51E-04
1999/10/15,-0.000704,-0.000792,-0.000615,-0.000896,-0.000511,0.251506,0.251417,0.251594,0.251313,0.251698,-0.000309,0.254616,-0.000801,0.254124,-0.0004545,0.25446985,-0.000394363,-0.000698853,-0.001151711,-0.00042,-3.77E-04,-3.62E-04,-7.00E-04,-9.74E-04,-1.98E-05,7.93E-04,6.67E-05,7.51E-04
1999/11/15,-0.000789,-0.000953,-0.000625,-0.000981,-0.000596,0.251421,0.251257,0.251585,0.251228,0.251613,-0.000572,0.254352,-0.000892,0.254032,-0.00097632,0.25394804,-0.00014484,-0.000696222,-0.001326841,-0.000453,-3.77E-04,-3.62E-04,-7.00E-04,-9.74E-04,-1.98E-05,7.93E-04,6.67E-05,7.51E-04
1999/12/15,-0.000457,-0.000837,-0.000076,-0.00065,-0.000264,0.251753,0.251372,0.252133,0.25156,0.251945,-0.000346,0.254579,-0.00045,0.254474,-0.00073379,0.25419057,-0.000229864,-0.000697785,0.001472031,-0.000473,-3.77E-04,-3.62E-04,-7.00E-04,-9.74E-04,-1.98E-05,7.93E-04,6.67E-05,7.51E-04
2000/1/15,-0.000572,-0.000771,-0.000374,-0.000769,-0.000376,0.251637,0.251438,0.251836,0.25144,0.251833,-0.000561,0.254363,-0.000916,0.254008,-0.00051007,0.25441428,-0.000368405,-0.000707775,-0.001992449,-0.000477,-3.77E-04,-3.62E-04,-7.00E-04,-9.74E-04,-1.98E-05,7.93E-04,6.67E-05,7.51E-04
2000/2/15,-0.000528,-0.000928,-0.000129,-0.000728,-0.000329,0.251681,0.251281,0.252081,0.251482,0.25188,-0.001417,0.253507,-0.000822,0.254102,-0.00112283,0.25380153,-0.000461385,-0.000663855,-0.002419625,-0.000448,-6.58E-04,-4.50E-04,-8.50E-04,-1.01E-03,-2.05E-04,4.84E-04,-1.70E-04,1.17E-04
2000/3/15,-0.000815,-0.00114,-0.000489,-0.001024,-0.000606,0.251395,0.251069,0.25172,0.251186,0.251603,-0.001171,0.253754,-0.000654,0.254271,-0.00131857,0.25360579,-3.35E-05,-0.00063966,-0.000744189,-0.000427,-6.58E-04,-4.50E-04,-8.50E-04,-1.01E-03,-2.05E-04,4.84E-04,-1.70E-04,1.17E-04
2000/4/15,-0.000465,-0.00059,-0.00034,-0.000678,-0.000252,0.251744,0.251619,0.251869,0.251531,0.251957,-0.00112,0.253805,-0.000812,0.254112,-0.00103133,0.25389302,-0.000332125,-0.000675562,-0.003089968,-0.000442,-6.58E-04,-4.50E-04,-8.50E-04,-1.01E-03,-2.05E-04,4.84E-04,-1.70E-04,1.17E-04
2000/5/15,-0.000664,-0.00079,-0.000539,-0.000878,-0.000451,0.251545,0.251419,0.251671,0.251331,0.251759,-0.000963,0.253961,-0.00084,0.254084,-0.0007959,0.25412846,-8.62E-05,-0.000735404,-0.002619705,-0.000445,-6.58E-04,-4.50E-04,-8.50E-04,-1.01E-03,-2.05E-04,4.84E-04,-1.70E-04,1.17E-04
2000/6/15,-0.000666,-0.000873,-0.000458,-0.000881,-0.00045,0.251544,0.251337,0.251751,0.251328,0.25176,-0.000758,0.254167,-0.000369,0.254555,-0.00056656,0.2543578,-0.00033863,-0.000777733,-7.81E-05,-0.000444,-6.58E-04,-4.50E-04,-8.50E-04,-1.01E-03,-2.05E-04,4.84E-04,-1.70E-04,1.17E-04
2000/7/15,-0.000566,-0.000688,-0.000445,-0.000779,-0.000354,0.251643,0.251522,0.251764,0.25143,0.251856,-0.00081,0.254114,-0.00082,0.254104,-0.00083637,0.25408798,-0.000715611,-0.000824076,-0.001885189,-0.000488,-6.58E-04,-4.50E-04,-8.50E-04,-1.01E-03,-2.05E-04,4.84E-04,-1.70E-04,1.17E-04
2000/8/15,-0.000703,-0.000842,-0.000564,-0.000915,-0.00049,0.251507,0.251368,0.251646,0.251294,0.251719,-0.00061,0.254314,-0.000674,0.25425,-0.00083952,0.25408483,-0.00096344,-0.000827232,-0.000676533,-0.000503,-6.58E-04,-4.50E-04,-8.50E-04,-1.01E-03,-2.05E-04,4.84E-04,-1.70E-04,1.17E-04
2000/9/15,-0.000651,-0.000763,-0.000539,-0.000863,-0.000439,0.251558,0.251447,0.25167,0.251346,0.251771,-0.000609,0.254316,-0.000895,0.25403,-0.00067797,0.25424639,-0.000718228,-0.000832282,-0.002201346,-0.000526,-6.58E-04,-4.50E-04,-8.50E-04,-1.01E-03,-2.05E-04,4.84E-04,-1.70E-04,1.17E-04
2000/10/15,-0.000723,-0.000838,-0.000608,-0.000937,-0.000509,0.251486,0.251372,0.251601,0.251272,0.2517,-0.00102,0.253905,-0.00079,0.254135,-0.00075627,0.25416809,-0.001201926,-0.000848232,-0.001509917,-0.000522,-6.58E-04,-4.50E-04,-8.50E-04,-1.01E-03,-2.05E-04,4.84E-04,-1.70E-04,1.17E-04
2000/11/15,-0.001061,-0.001263,-0.00086,-0.001282,-0.000841,0.251148,0.250946,0.25135,0.250927,0.251369,-0.001553,0.253371,-0.000596,0.254328,-0.00116992,0.25375443,-0.000886965,-0.000890744,-0.002144797,-0.00054,-6.58E-04,-4.50E-04,-8.50E-04,-1.01E-03,-2.05E-04,4.84E-04,-1.70E-04,1.17E-04
2000/12/15,-0.000713,-0.001023,-0.000403,-0.000931,-0.000495,0.251496,0.251186,0.251806,0.251278,0.251715,-0.00122,0.253704,-0.000918,0.254007,-0.00117094,0.25375342,-0.000854408,-0.000921735,-0.002239333,-0.000598,-6.58E-04,-4.50E-04,-8.50E-04,-1.01E-03,-2.05E-04,4.84E-04,-1.70E-04,1.17E-04
2001/1/15,-0.000412,-0.000674,-0.00015,-0.000627,-0.000197,0.251797,0.251535,0.25206,0.251582,0.252013,-0.001191,0.253734,-0.001054,0.25387,-0.00123643,0.25368793,-0.001263201,-0.000993708,-0.001069621,-0.000614,-6.58E-04,-4.50E-04,-8.50E-04,-1.01E-03,-2.05E-04,4.84E-04,-1.70E-04,1.17E-04
2001/2/15,-0.000169,-0.000627,0.000289,-0.00039,0.000051,0.25204,0.251582,0.252498,0.25182,0.252261,-0.001273,0.253651,-0.001479,0.253446,-0.00113476,0.2537896,-0.001015828,-0.000940083,-0.003224823,-0.000552,-7.93E-04,-8.56E-04,-1.06E-03,-1.44E-03,-3.57E-04,-5.22E-04,-2.22E-04,2.11E-04
2001/3/15,-0.000375,-0.000687,-0.000064,-0.000588,-0.000163,0.251834,0.251522,0.252146,0.251621,0.252047,-0.00115,0.253775,-0.000866,0.254058,-0.00112156,0.25380279,-0.001317769,-0.000929561,-0.001492288,-0.000573,-7.93E-04,-8.56E-04,-1.06E-03,-1.44E-03,-3.57E-04,-5.22E-04,-2.22E-04,2.11E-04
2001/4/15,-0.000605,-0.000847,-0.000362,-0.000825,-0.000384,0.251605,0.251363,0.251847,0.251385,0.251825,-0.001149,0.253775,-0.000929,0.253995,-0.00123476,0.2536896,-0.001506113,-0.000911296,-0.003567086,-0.000583,-7.93E-04,-8.56E-04,-1.06E-03,-1.44E-03,-3.57E-04,-5.22E-04,-2.22E-04,2.11E-04
2001/5/15,-0.000964,-0.001217,-0.000711,-0.001183,-0.000745,0.251245,0.250993,0.251498,0.251026,0.251464,-0.001315,0.253609,-0.001187,0.253738,-0.00135078,0.25357357,-0.000966694,-0.000953633,-0.003762974,-0.000606,-7.93E-04,-8.56E-04,-1.06E-03,-1.44E-03,-3.57E-04,-5.22E-04,-2.22E-04,2.11E-04
2001/6/15,-0.000856,-0.000947,-0.000765,-0.001078,-0.000634,0.251353,0.251262,0.251445,0.251131,0.251575,-0.001021,0.253903,-0.001346,0.253578,-0.00120816,0.25371619,-0.001724668,-0.000961918,-0.004400653,-0.00064,-7.93E-04,-8.56E-04,-1.06E-03,-1.44E-03,-3.57E-04,-5.22E-04,-2.22E-04,2.11E-04
2001/7/15,-0.000633,-0.000776,-0.000491,-0.000861,-0.000406,0.251576,0.251433,0.251719,0.251348,0.251803,-0.000958,0.253967,-0.000945,0.253979,-0.00080625,0.25411811,-0.001507926,-0.000976011,-0.003465649,-0.000669,-7.93E-04,-8.56E-04,-1.06E-03,-1.44E-03,-3.57E-04,-5.22E-04,-2.22E-04,2.11E-04
2001/8/15,-0.001017,-0.00122,-0.000815,-0.001245,-0.000789,0.251192,0.25099,0.251395,0.250964,0.25142,-0.00104,0.253884,-0.000762,0.254162,-0.00085199,0.25407236,-0.001785361,-0.000993325,-0.001531613,-0.000676,-7.93E-04,-8.56E-04,-1.06E-03,-1.44E-03,-3.57E-04,-5.22E-04,-2.22E-04,2.11E-04
2001/9/15,-0.001171,-0.001328,-0.001014,-0.001399,-0.000943,0.251038,0.250882,0.251195,0.250811,0.251266,-0.001309,0.253615,-0.000897,0.254027,-0.0012021,0.25372226,-0.002040055,-0.001037997,-0.001239025,-0.000695,-7.93E-04,-8.56E-04,-1.06E-03,-1.44E-03,-3.57E-04,-5.22E-04,-2.22E-04,2.11E-04
2001/10/15,-0.000711,-0.00096,-0.000462,-0.000943,-0.000479,0.251498,0.251249,0.251747,0.251266,0.25173,-0.001518,0.253407,-0.000927,0.253997,-0.00126166,0.25366269,-0.001662984,-0.001024382,-0.001911349,-0.000699,-7.93E-04,-8.56E-04,-1.06E-03,-1.44E-03,-3.57E-04,-5.22E-04,-2.22E-04,2.11E-04
2001/11/15,-0.000536,-0.000644,-0.000429,-0.000778,-0.000295,0.251673,0.251566,0.25178,0.251432,0.251915,-0.001477,0.253447,-0.001098,0.253826,-0.00124306,0.2536813,-0.001568707,-0.001053122,-0.00134516,-0.000696,-7.93E-04,-8.56E-04,-1.06E-03,-1.44E-03,-3.57E-04,-5.22E-04,-2.22E-04,2.11E-04
2001/12/15,-0.001143,-0.001454,-0.000832,-0.001383,-0.000903,0.251066,0.250755,0.251377,0.250826,0.251306,-0.001544,0.25338,-0.001146,0.253779,-0.00107676,0.25384759,-0.001169035,-0.000998252,-0.001759472,-0.000698,-7.93E-04,-8.56E-04,-1.06E-03,-1.44E-03,-3.57E-04,-5.22E-04,-2.22E-04,2.11E-04
2002/1/15,-0.000465,-0.000784,-0.000146,-0.000703,-0.000227,0.251744,0.251425,0.252064,0.251507,0.251982,-0.001021,0.253903,-0.000955,0.253969,-0.00095849,0.25396586,-0.001522538,-0.001034813,-0.000686525,-0.000708,-7.93E-04,-8.56E-04,-1.06E-03,-1.44E-03,-3.57E-04,-5.22E-04,-2.22E-04,2.11E-04
2002/2/15,-0.000579,-0.000796,-0.000362,-0.000813,-0.000344,0.251631,0.251414,0.251848,0.251396,0.251865,-0.001252,0.253673,-0.00077,0.254154,-0.00100449,0.25391987,-0.001256628,-0.000964792,-0.001038328,-0.00099,-1.22E-03,-1.72E-03,-1.29E-03,-2.26E-03,-5.25E-04,-7.26E-04,-3.47E-04,-1.41E-03
2002/3/15,-0.000405,-0.000912,0.000102,-0.000626,-0.000184,0.251804,0.251298,0.252311,0.251584,0.252025,-0.000965,0.25396,-0.000525,0.2544,-0.00074036,0.25418399,-0.001814219,-0.000965223,-0.000384719,-0.000562,-1.22E-03,-1.72E-03,-1.29E-03,-2.26E-03,-5.25E-04,-7.26E-04,-3.47E-04,-1.41E-03
2002/4/15,-0.001013,-0.001103,-0.000922,-0.001228,-0.000797,0.251197,0.251106,0.251288,0.250981,0.251412,-0.000832,0.254093,-0.000794,0.25413,-0.00074044,0.25418391,-0.002289658,-0.000956579,-0.001431303,-0.00064,-1.22E-03,-1.72E-03,-1.29E-03,-2.26E-03,-5.25E-04,-7.26E-04,-3.47E-04,-1.41E-03
2002/5/15,-0.001013,-0.001212,-0.000815,-0.001228,-0.000798,0.251196,0.250997,0.251395,0.250981,0.251411,-0.001244,0.253681,-0.000644,0.25428,-0.00094872,0.25397564,-0.001175282,-0.001018251,-0.002177789,-0.000676,-1.22E-03,-1.72E-03,-1.29E-03,-2.26E-03,-5.25E-04,-7.26E-04,-3.47E-04,-1.41E-03
2002/6/15,-0.001354,-0.001694,-0.001014,-0.001571,-0.001136,0.250856,0.250516,0.251196,0.250638,0.251073,-0.001362,0.253562,-0.000728,0.254197,-0.00122149,0.25370287,-0.001893731,-0.0010579,-0.001534746,-0.000735,-1.22E-03,-1.72E-03,-1.29E-03,-2.26E-03,-5.25E-04,-7.26E-04,-3.47E-04,-1.41E-03
2002/7/15,-0.000812,-0.000947,-0.000676,-0.00103,-0.000593,0.251398,0.251262,0.251533,0.251179,0.251616,-0.001439,0.253486,-0.001019,0.253906,-0.00103872,0.25388564,-0.002473953,-0.001076094,-0.00297859,-0.000778,-1.22E-03,-1.72E-03,-1.29E-03,-2.26E-03,-5.25E-04,-7.26E-04,-3.47E-04,-1.41E-03
2002/8/15,-0.000913,-0.001045,-0.000782,-0.001131,-0.000696,0.251296,0.251165,0.251427,0.251079,0.251513,-0.001453,0.253471,-0.000626,0.254298,-0.00097014,0.25395422,-0.001179813,-0.00109078,0.000283324,-0.000824,-1.22E-03,-1.72E-03,-1.29E-03,-2.26E-03,-5.25E-04,-7.26E-04,-3.47E-04,-1.41E-03
2002/9/15,-0.00148,-0.001697,-0.001262,-0.0017,-0.00126,0.25073,0.250512,0.250947,0.250509,0.25095,-0.001436,0.253488,-0.001002,0.253923,-0.00114622,0.25377814,-0.001785716,-0.0011299,-0.000731857,-0.000827,-1.22E-03,-1.72E-03,-1.29E-03,-2.26E-03,-5.25E-04,-7.26E-04,-3.47E-04,-1.41E-03
2002/10/15,-0.001298,-0.001638,-0.000957,-0.001522,-0.001073,0.250912,0.250571,0.251252,0.250687,0.251136,-0.001959,0.252966,-0.001426,0.253498,-0.00149091,0.25343345,-0.001761658,-0.001132296,-0.001650575,-0.000832,-1.22E-03,-1.72E-03,-1.29E-03,-2.26E-03,-5.25E-04,-7.26E-04,-3.47E-04,-1.41E-03
2002/11/15,-0.001378,-0.00154,-0.001217,-0.001604,-0.001152,0.250831,0.25067,0.250993,0.250605,0.251057,-0.001719,0.253205,-0.00112,0.253805,-0.00144548,0.25347888,-0.001226837,-0.001139887,-0.000795188,-0.000848,-1.22E-03,-1.72E-03,-1.29E-03,-2.26E-03,-5.25E-04,-7.26E-04,-3.47E-04,-1.41E-03
2002/12/15,-0.001507,-0.00177,-0.001245,-0.001737,-0.001278,0.250702,0.25044,0.250964,0.250473,0.250931,-0.001548,0.253377,-0.001125,0.253799,-0.00179266,0.25313169,-0.002134287,-0.00114198,-0.002558798,-0.000891,-1.22E-03,-1.72E-03,-1.29E-03,-2.26E-03,-5.25E-04,-7.26E-04,-3.47E-04,-1.41E-03
2003/1/15,-0.000884,-0.001067,-0.0007,-0.001109,-0.000658,0.251326,0.251142,0.251509,0.2511,0.251552,-0.00203,0.252895,-0.001578,0.253346,-0.00174777,0.25317659,-0.001472518,-0.00114467,-0.003570756,-0.000922,-1.22E-03,-1.72E-03,-1.29E-03,-2.26E-03,-5.25E-04,-7.26E-04,-3.47E-04,-1.41E-03
2003/2/15,-0.000767,-0.000893,-0.000641,-0.000986,-0.000548,0.251442,0.251317,0.251568,0.251223,0.251661,-0.001197,0.253727,-0.001234,0.253691,-0.00110776,0.2538166,-0.001129069,-0.001031334,-0.002453602,-0.000994,-1.37E-03,-1.75E-03,-1.49E-03,-2.42E-03,-5.79E-04,-1.11E-03,-4.13E-04,-1.62E-03
2003/3/15,-0.001004,-0.001187,-0.000822,-0.001228,-0.000781,0.251205,0.251022,0.251388,0.250982,0.251429,-0.001144,0.25378,-0.000874,0.254051,-0.00094263,0.25398172,-0.001635647,-0.001024301,-0.000998194,-0.00094,-1.37E-03,-1.75E-03,-1.49E-03,-2.42E-03,-5.79E-04,-1.11E-03,-4.13E-04,-1.62E-03
2003/4/15,-0.000559,-0.000791,-0.000327,-0.000771,-0.000347,0.25165,0.251418,0.251882,0.251438,0.251862,-0.001181,0.253743,-0.000824,0.2541,-0.00093171,0.25399265,-0.00172291,-0.001039589,-0.000853144,-0.00093,-1.37E-03,-1.75E-03,-1.49E-03,-2.42E-03,-5.79E-04,-1.11E-03,-4.13E-04,-1.62E-03
2003/5/15,-0.000537,-0.000855,-0.000219,-0.000749,-0.000324,0.251673,0.251355,0.251991,0.25146,0.251885,-0.001367,0.253557,-0.001261,0.253663,-0.00125798,0.25366638,-0.001361725,-0.001082583,-0.000648541,-0.000911,-1.37E-03,-1.75E-03,-1.49E-03,-2.42E-03,-5.79E-04,-1.11E-03,-4.13E-04,-1.62E-03
2003/6/15,-0.000928,-0.001044,-0.000812,-0.00114,-0.000716,0.251281,0.251165,0.251397,0.251069,0.251493,-0.001508,0.253417,-0.001262,0.253663,-0.00122317,0.25370119,-0.001661694,-0.001106284,-0.002562432,-0.000954,-1.37E-03,-1.75E-03,-1.49E-03,-2.42E-03,-5.79E-04,-1.11E-03,-4.13E-04,-1.62E-03
2003/7/15,-0.000796,-0.000904,-0.000689,-0.000999,-0.000594,0.251413,0.251306,0.25152,0.25121,0.251616,-0.001284,0.25364,-0.00107,0.253854,-0.00133073,0.25359363,-0.001489607,-0.001116926,-0.001325011,-0.000962,-1.37E-03,-1.75E-03,-1.49E-03,-2.42E-03,-5.79E-04,-1.11E-03,-4.13E-04,-1.62E-03
2003/8/15,-0.00065,-0.000924,-0.000376,-0.000853,-0.000447,0.251559,0.251285,0.251833,0.251356,0.251762,-0.001376,0.253548,-0.001396,0.253529,-0.00138535,0.253539,-0.00176372,-0.001137167,-0.000476781,-0.000976,-1.37E-03,-1.75E-03,-1.49E-03,-2.42E-03,-5.79E-04,-1.11E-03,-4.13E-04,-1.62E-03
2003/9/15,-0.000857,-0.00112,-0.000595,-0.001071,-0.000644,0.251352,0.25109,0.251614,0.251139,0.251565,-0.001734,0.253191,-0.001453,0.253471,-0.00154383,0.25338053,-0.001898025,-0.001187772,-0.001997345,-0.000993,-1.37E-03,-1.75E-03,-1.49E-03,-2.42E-03,-5.79E-04,-1.11E-03,-4.13E-04,-1.62E-03
2003/10/15,-0.000726,-0.001011,-0.000441,-0.000935,-0.000517,0.251483,0.251198,0.251768,0.251274,0.251692,-0.002021,0.252903,-0.001528,0.253397,-0.00207026,0.2528541,-0.001587201,-0.001168994,-0.001459352,-0.001038,-1.37E-03,-1.75E-03,-1.49E-03,-2.42E-03,-5.79E-04,-1.11E-03,-4.13E-04,-1.62E-03
2003/11/15,-0.000982,-0.001166,-0.000797,-0.001181,-0.000782,0.251228,0.251043,0.251413,0.251028,0.251427,-0.002263,0.252662,-0.002247,0.252678,-0.00248583,0.25243853,-0.001476726,-0.001174587,-0.00313995,-0.001024,-1.37E-03,-1.75E-03,-1.49E-03,-2.42E-03,-5.79E-04,-1.11E-03,-4.13E-04,-1.62E-03
2003/12/15,-0.000785,-0.001009,-0.000561,-0.000986,-0.000584,0.251424,0.251201,0.251648,0.251224,0.251625,-0.001705,0.25322,-0.001371,0.253553,-0.00186436,0.25305999,-0.001561443,-0.001127983,-0.002694108,-0.001053,-1.37E-03,-1.75E-03,-1.49E-03,-2.42E-03,-5.79E-04,-1.11E-03,-4.13E-04,-1.62E-03
2004/1/15,-0.000725,-0.000883,-0.000567,-0.000921,-0.000529,0.251484,0.251326,0.251643,0.251288,0.25168,-0.002345,0.252579,-0.00108,0.253845,-0.00222943,0.25269492,-0.001132793,-0.001113652,-0.001442234,-0.000998,-1.37E-03,-1.75E-03,-1.49E-03,-2.42E-03,-5.79E-04,-1.11E-03,-4.13E-04,-1.62E-03
2004/2/15,-0.000645,-0.000972,-0.000318,-0.000842,-0.000448,0.251565,0.251238,0.251891,0.251368,0.251761,-0.002001,0.252923,-0.001914,0.253011,-0.00183437,0.25308999,-0.001562647,-0.001082448,-0.001592293,-0.001035,-1.39E-03,-1.96E-03,-1.65E-03,-2.59E-03,-5.69E-04,-1.08E-03,-6.23E-04,-1.12E-03
2004/3/15,-0.000378,-0.000612,-0.000144,-0.000574,-0.000181,0.251832,0.251598,0.252065,0.251635,0.252028,-0.001864,0.25306,-0.00116,0.253764,-0.00167713,0.25324723,-0.00094421,-0.001052156,-0.001488413,-0.000965,-1.39E-03,-1.96E-03,-1.65E-03,-2.59E-03,-5.69E-04,-1.08E-03,-6.23E-04,-1.12E-03
2004/4/15,-0.00075,-0.000854,-0.000646,-0.000948,-0.000552,0.251459,0.251356,0.251563,0.251262,0.251657,-0.001654,0.25327,-0.001404,0.253521,-0.00140593,0.25351842,-0.001170571,-0.001045486,-0.001423545,-0.000965,-1.39E-03,-1.96E-03,-1.65E-03,-2.59E-03,-5.69E-04,-1.08E-03,-6.23E-04,-1.12E-03
2004/5/15,-0.000666,-0.00085,-0.000483,-0.000863,-0.000469,0.251543,0.251359,0.251727,0.251346,0.25174,-0.001815,0.253109,-0.001313,0.253612,-0.0015351,0.25338925,-0.001496688,-0.001105902,-0.00180695,-0.000957,-1.39E-03,-1.96E-03,-1.65E-03,-2.59E-03,-5.69E-04,-1.08E-03,-6.23E-04,-1.12E-03
2004/6/15,-0.001093,-0.001203,-0.000982,-0.001285,-0.0009,0.251117,0.251007,0.251227,0.250924,0.251309,-0.00204,0.252884,-0.001414,0.253511,-0.00167251,0.25325185,-0.001506697,-0.001170434,-0.003527917,-0.001018,-1.39E-03,-1.96E-03,-1.65E-03,-2.59E-03,-5.69E-04,-1.08E-03,-6.23E-04,-1.12E-03
2004/7/15,-0.001045,-0.001197,-0.000893,-0.001238,-0.000852,0.251165,0.251013,0.251317,0.250971,0.251358,-0.001917,0.253008,-0.001325,0.2536,-0.00157472,0.25334964,-0.001470912,-0.00119497,-0.002035338,-0.001058,-1.39E-03,-1.96E-03,-1.65E-03,-2.59E-03,-5.69E-04,-1.08E-03,-6.23E-04,-1.12E-03
2004/8/15,-0.000664,-0.001036,-0.000291,-0.000858,-0.000469,0.251546,0.251173,0.251918,0.251351,0.25174,-0.001614,0.253311,-0.001316,0.253609,-0.00142548,0.25349888,-0.001531583,-0.001175845,-0.002847307,-0.001076,-1.39E-03,-1.96E-03,-1.65E-03,-2.59E-03,-5.69E-04,-1.08E-03,-6.23E-04,-1.12E-03
2004/9/15,-0.001053,-0.001173,-0.000933,-0.001243,-0.000864,0.251156,0.251036,0.251276,0.250967,0.251345,-0.001725,0.253199,-0.001278,0.253646,-0.00165168,0.25327268,-0.001635605,-0.001161631,-0.001760719,-0.001091,-1.39E-03,-1.96E-03,-1.65E-03,-2.59E-03,-5.69E-04,-1.08E-03,-6.23E-04,-1.12E-03
2004/10/15,-0.001152,-0.001256,-0.001049,-0.001337,-0.000967,0.251057,0.250954,0.25116,0.250872,0.251242,-0.001613,0.253311,-0.001369,0.253555,-0.00171205,0.25321231,-0.001770479,-0.001185953,-0.001568172,-0.00113,-1.39E-03,-1.96E-03,-1.65E-03,-2.59E-03,-5.69E-04,-1.08E-03,-6.23E-04,-1.12E-03
2004/11/15,-0.000822,-0.001021,-0.000622,-0.001,-0.000643,0.251388,0.251188,0.251587,0.251209,0.251567,-0.001611,0.253313,-0.001383,0.253541,-0.00183361,0.25309074,-0.001773905,-0.001186096,-0.001745959,-0.001132,-1.39E-03,-1.96E-03,-1.65E-03,-2.59E-03,-5.69E-04,-1.08E-03,-6.23E-04,-1.12E-03
2004/12/15,-0.000915,-0.001059,-0.000771,-0.001094,-0.000736,0.251295,0.25115,0.251439,0.251116,0.251473,-0.001199,0.253725,-0.00082,0.254105,-0.00109396,0.25383039,-0.001349353,-0.001211587,-0.000404663,-0.00114,-1.39E-03,-1.96E-03,-1.65E-03,-2.59E-03,-5.69E-04,-1.08E-03,-6.23E-04,-1.12E-03
2005/1/15,-0.000268,-0.000474,-0.000063,-0.000445,-0.000091,0.251941,0.251736,0.252146,0.251764,0.252118,-0.001717,0.253208,-0.001344,0.25358,-0.00133666,0.2535877,-0.0015445,-0.00118695,-0.000147977,-0.001142,-1.39E-03,-1.96E-03,-1.65E-03,-2.59E-03,-5.69E-04,-1.08E-03,-6.23E-04,-1.12E-03
2005/2/15,-0.000741,-0.000861,-0.000621,-0.000953,-0.000529,0.251468,0.251348,0.251588,0.251256,0.251681,-0.001734,0.253191,-0.001786,0.253138,-0.00164677,0.25327759,-0.001343787,-0.001097773,-0.002506338,-0.001145,-1.37E-03,-1.69E-03,-1.78E-03,-1.85E-03,-5.89E-04,-9.36E-04,-6.30E-04,-9.97E-04
2005/3/15,-0.001159,-0.001371,-0.000946,-0.001362,-0.000955,0.251051,0.250839,0.251263,0.250847,0.251254,-0.001556,0.253368,-0.001232,0.253692,-0.00155211,0.25337225,-0.001048777,-0.001084958,0.000303946,-0.001031,-1.37E-03,-1.69E-03,-1.78E-03,-1.85E-03,-5.89E-04,-9.36E-04,-6.30E-04,-9.97E-04
2005/4/15,-0.000771,-0.000986,-0.000555,-0.000973,-0.000568,0.251439,0.251223,0.251654,0.251236,0.251641,-0.00158,0.253345,-0.001336,0.253588,-0.00139774,0.25352661,-0.001352782,-0.001081122,-0.000818548,-0.001024,-1.37E-03,-1.69E-03,-1.78E-03,-1.85E-03,-5.89E-04,-9.36E-04,-6.30E-04,-9.97E-04
2005/5/15,-0.000574,-0.00078,-0.000368,-0.000779,-0.000368,0.251636,0.25143,0.251842,0.25143,0.251841,-0.001587,0.253338,-0.001005,0.253919,-0.00149654,0.25342782,-0.001421695,-0.001129313,-0.000256945,-0.00104,-1.37E-03,-1.69E-03,-1.78E-03,-1.85E-03,-5.89E-04,-9.36E-04,-6.30E-04,-9.97E-04
2005/6/15,-0.000758,-0.00089,-0.000626,-0.000963,-0.000553,0.251451,0.251319,0.251583,0.251247,0.251656,-0.00156,0.253364,-0.001114,0.25381,-0.00162467,0.25329969,-0.001808359,-0.001176048,-0.002247931,-0.001083,-1.37E-03,-1.69E-03,-1.78E-03,-1.85E-03,-5.89E-04,-9.36E-04,-6.30E-04,-9.97E-04
2005/7/15,-0.000923,-0.001057,-0.00079,-0.001131,-0.000716,0.251286,0.251153,0.251419,0.251079,0.251493,-0.001538,0.253386,-0.001118,0.253807,-0.00158544,0.25333892,-0.001829663,-0.001199449,-0.002092269,-0.001106,-1.37E-03,-1.69E-03,-1.78E-03,-1.85E-03,-5.89E-04,-9.36E-04,-6.30E-04,-9.97E-04
2005/8/15,-0.000824,-0.000976,-0.000673,-0.001041,-0.000608,0.251385,0.251234,0.251536,0.251169,0.251601,-0.001487,0.253438,-0.00103,0.253894,-0.00147896,0.2534454,-0.00185469,-0.001198172,-0.002120646,-0.001117,-1.37E-03,-1.69E-03,-1.78E-03,-1.85E-03,-5.89E-04,-9.36E-04,-6.30E-04,-9.97E-04
2005/9/15,-0.001184,-0.001345,-0.001024,-0.001392,-0.000976,0.251025,0.250865,0.251185,0.250817,0.251233,-0.001637,0.253288,-0.001061,0.253863,-0.00147835,0.25344601,-0.001938163,-0.001219709,-0.00177557,-0.001137,-1.37E-03,-1.69E-03,-1.78E-03,-1.85E-03,-5.89E-04,-9.36E-04,-6.30E-04,-9.97E-04
2005/10/15,-0.001085,-0.001222,-0.000948,-0.001294,-0.000876,0.251125,0.250988,0.251261,0.250915,0.251334,-0.001982,0.252942,-0.00146,0.253465,-0.00160066,0.2533237,-0.001850241,-0.001224572,-0.002625169,-0.001188,-1.37E-03,-1.69E-03,-1.78E-03,-1.85E-03,-5.89E-04,-9.36E-04,-6.30E-04,-9.97E-04
2005/11/15,-0.001069,-0.001253,-0.000886,-0.001277,-0.000861,0.25114,0.250957,0.251324,0.250932,0.251349,-0.002176,0.252748,-0.001418,0.253506,-0.00205437,0.25286999,-0.001759429,-0.001218818,-0.002537965,-0.001169,-1.37E-03,-1.69E-03,-1.78E-03,-1.85E-03,-5.89E-04,-9.36E-04,-6.30E-04,-9.97E-04
2005/12/15,-0.001625,-0.001805,-0.001445,-0.001841,-0.001409,0.250585,0.250405,0.250765,0.250369,0.2508,-0.001734,0.25319,-0.001441,0.253484,-0.00159611,0.25332824,-0.001973487,-0.001208614,-0.002635134,-0.001175,-1.37E-03,-1.69E-03,-1.78E-03,-1.85E-03,-5.89E-04,-9.36E-04,-6.30E-04,-9.97E-04
2006/1/15,0.000082,-0.000923,0.001086,-0.00013,0.000293,0.252291,0.251286,0.253296,0.252079,0.252503,-0.001833,0.253091,-0.001866,0.253058,-0.00175521,0.25316915,-0.00203134,-0.001228609,-0.002333957,-0.001128,-1.37E-03,-1.69E-03,-1.78E-03,-1.85E-03,-5.89E-04,-9.36E-04,-6.30E-04,-9.97E-04
2006/2/15,-0.00085,-0.000967,-0.000733,-0.001059,-0.00064,0.25136,0.251242,0.251477,0.25115,0.251569,-0.001594,0.25333,-0.001594,0.25333,-0.0013501,0.25357426,-0.002140714,-0.001165667,-0.003112227,-0.001114,-1.64E-03,-1.79E-03,-1.87E-03,-2.14E-03,-5.60E-04,-8.95E-04,-6.19E-04,-1.61E-03
2006/3/15,-0.00159,-0.001804,-0.001377,-0.001803,-0.001378,0.250619,0.250405,0.250833,0.250407,0.250831,-0.001612,0.253312,-0.001489,0.253435,-0.00155291,0.25337144,-0.001949067,-0.001157762,-0.002761384,-0.001556,-1.64E-03,-1.79E-03,-1.87E-03,-2.14E-03,-5.60E-04,-8.95E-04,-6.19E-04,-1.61E-03
2006/4/15,-0.000743,-0.00092,-0.000567,-0.000958,-0.000528,0.251466,0.25129,0.251643,0.251251,0.251681,-0.001269,0.253655,-0.00151,0.253414,-0.00139161,0.25353275,-0.001787705,-0.001160575,-0.002285566,-0.000935,-1.64E-03,-1.79E-03,-1.87E-03,-2.14E-03,-5.60E-04,-8.95E-04,-6.19E-04,-1.61E-03
2006/5/15,-0.000715,-0.000875,-0.000555,-0.000927,-0.000502,0.251495,0.251335,0.251655,0.251282,0.251707,-0.001488,0.253436,-0.001437,0.253487,-0.00147634,0.25344801,-0.001639524,-0.001207082,-0.002302738,-0.001052,-1.64E-03,-1.79E-03,-1.87E-03,-2.14E-03,-5.60E-04,-8.95E-04,-6.19E-04,-1.61E-03
2006/6/15,-0.001484,-0.001662,-0.001306,-0.001695,-0.001273,0.250725,0.250547,0.250903,0.250514,0.250936,-0.001287,0.253637,-0.001333,0.253591,-0.001293,0.25363136,-0.001737557,-0.001233581,-0.000256218,-0.001045,-1.64E-03,-1.79E-03,-1.87E-03,-2.14E-03,-5.60E-04,-8.95E-04,-6.19E-04,-1.61E-03
2006/7/15,-0.001129,-0.00149,-0.000767,-0.001348,-0.000909,0.251081,0.250719,0.251442,0.250861,0.2513,-0.001278,0.253646,-0.001578,0.253347,-0.00137574,0.25354861,-0.002081351,-0.001250419,-0.00261622,-0.001106,-1.64E-03,-1.79E-03,-1.87E-03,-2.14E-03,-5.60E-04,-8.95E-04,-6.19E-04,-1.61E-03
2006/8/15,-0.001091,-0.001268,-0.000913,-0.001311,-0.000871,0.251119,0.250941,0.251296,0.250898,0.251339,-0.001528,0.253397,-0.001525,0.2534,-0.00155158,0.25337278,-0.002143319,-0.001282037,-0.002462526,-0.00117,-1.64E-03,-1.79E-03,-1.87E-03,-2.14E-03,-5.60E-04,-8.95E-04,-6.19E-04,-1.61E-03
2006/9/15,-0.001345,-0.001491,-0.001198,-0.001563,-0.001126,0.250865,0.250718,0.251011,0.250646,0.251084,-0.001534,0.253391,-0.001252,0.253673,-0.00164186,0.2532825,-0.001914187,-0.001329015,-0.002363504,-0.001195,-1.64E-03,-1.79E-03,-1.87E-03,-2.14E-03,-5.60E-04,-8.95E-04,-6.19E-04,-1.61E-03
2006/10/15,-0.000955,-0.001038,-0.000871,-0.001174,-0.000736,0.251255,0.251171,0.251338,0.251036,0.251474,-0.00189,0.253034,-0.001207,0.253717,-0.00183396,0.2530904,-0.001972851,-0.001322,-0.002386444,-0.001176,-1.64E-03,-1.79E-03,-1.87E-03,-2.14E-03,-5.60E-04,-8.95E-04,-6.19E-04,-1.61E-03
2006/11/15,-0.001586,-0.001964,-0.001209,-0.001835,-0.001337,0.250623,0.250246,0.251001,0.250374,0.250872,-0.001971,0.252954,-0.001533,0.253392,-0.00185978,0.25306457,-0.001949645,-0.001273751,-0.002476454,-0.001162,-1.64E-03,-1.79E-03,-1.87E-03,-2.14E-03,-5.60E-04,-8.95E-04,-6.19E-04,-1.61E-03
2006/12/15,-0.001195,-0.001246,-0.001143,-0.001473,-0.000916,0.251015,0.250963,0.251066,0.250736,0.251293,-0.001072,0.253852,-0.001486,0.253438,-0.00147826,0.25344609,-0.00236727,-0.001266745,-0.001563787,-0.001186,-1.64E-03,-1.79E-03,-1.87E-03,-2.14E-03,-5.60E-04,-8.95E-04,-6.19E-04,-1.61E-03
2007/1/15,-0.001379,-0.001526,-0.001231,-0.001659,-0.001098,0.250831,0.250683,0.250979,0.250551,0.251111,-0.001815,0.253109,-0.001743,0.253182,-0.00179715,0.25312721,-0.002178604,-0.00124674,-0.001752784,-0.001186,-1.64E-03,-1.79E-03,-1.87E-03,-2.14E-03,-5.60E-04,-8.95E-04,-6.19E-04,-1.61E-03
2007/2/15,-0.000979,-0.001168,-0.000791,-0.001231,-0.000728,0.25123,0.251041,0.251419,0.250978,0.251482,-0.001646,0.253278,-0.001422,0.253502,-0.00151907,0.25340529,-0.002074525,-0.001147767,-0.001412554,-0.001212,-1.74E-03,-1.92E-03,-1.90E-03,-2.22E-03,-5.86E-04,-3.74E-04,-7.29E-04,-2.89E-03
2007/3/15,-0.000862,-0.001142,-0.000582,-0.001124,-0.0006,0.251347,0.251068,0.251627,0.251086,0.251609,-0.001612,0.253312,-0.001263,0.253662,-0.00158399,0.25334037,-0.002357914,-0.001135369,-0.001175385,-0.001187,-1.74E-03,-1.92E-03,-1.90E-03,-2.22E-03,-5.86E-04,-3.74E-04,-7.29E-04,-2.89E-03
2007/4/15,-0.000928,-0.001083,-0.000773,-0.001188,-0.000667,0.251282,0.251126,0.251437,0.251021,0.251542,-0.001497,0.253428,-0.001608,0.253316,-0.00151175,0.25341261,-0.002375911,-0.001167224,-0.001664686,-0.001098,-1.74E-03,-1.92E-03,-1.90E-03,-2.22E-03,-5.86E-04,-3.74E-04,-7.29E-04,-2.89E-03
2007/5/15,-0.000779,-0.000942,-0.000616,-0.001043,-0.000514,0.251431,0.251268,0.251594,0.251166,0.251695,-0.001527,0.253398,-0.001582,0.253342,-0.0016261,0.25329826,-0.002151104,-0.001205086,-0.002468543,-0.001085,-1.74E-03,-1.92E-03,-1.90E-03,-2.22E-03,-5.86E-04,-3.74E-04,-7.29E-04,-2.89E-03
2007/6/15,-0.000189,-0.000525,0.000147,-0.000474,0.000095,0.25202,0.251684,0.252356,0.251736,0.252305,-0.001324,0.253601,-0.001523,0.253401,-0.00139936,0.25352499,-0.002415579,-0.001265855,-0.001176292,-0.001081,-1.74E-03,-1.92E-03,-1.90E-03,-2.22E-03,-5.86E-04,-3.74E-04,-7.29E-04,-2.89E-03
2007/7/15,-0.000854,-0.001009,-0.000699,-0.001148,-0.00056,0.251356,0.2512,0.251511,0.251061,0.25165,-0.000939,0.253986,-0.00133,0.253594,-0.00099445,0.25392991,-0.002045563,-0.001295046,-0.001019742,-0.001129,-1.74E-03,-1.92E-03,-1.90E-03,-2.22E-03,-5.86E-04,-3.74E-04,-7.29E-04,-2.89E-03
2007/8/15,-0.000891,-0.001006,-0.000776,-0.001177,-0.000605,0.251318,0.251203,0.251434,0.251032,0.251605,-0.001219,0.253706,-0.001424,0.2535,-0.00131065,0.2536137,-0.002004384,-0.001342547,-0.00052693,-0.001176,-1.74E-03,-1.92E-03,-1.90E-03,-2.22E-03,-5.86E-04,-3.74E-04,-7.29E-04,-2.89E-03
2007/9/15,-0.001169,-0.001339,-0.000999,-0.001455,-0.000883,0.25104,0.25087,0.25121,0.250755,0.251326,-0.001449,0.253475,-0.001538,0.253386,-0.0015599,0.25336446,-0.002000887,-0.00139991,-0.001106837,-0.001199,-1.74E-03,-1.92E-03,-1.90E-03,-2.22E-03,-5.86E-04,-3.74E-04,-7.29E-04,-2.89E-03
2007/10/15,-0.00219,-0.003042,-0.001338,-0.002487,-0.001893,0.25002,0.249168,0.250872,0.249723,0.250317,-0.001595,0.253329,-0.001413,0.253512,-0.00181213,0.25311223,-0.002075867,-0.00139486,-0.001224022,-0.001198,-1.74E-03,-1.92E-03,-1.90E-03,-2.22E-03,-5.86E-04,-3.74E-04,-7.29E-04,-2.89E-03
2007/11/15,-0.001465,-0.002357,-0.000573,-0.001771,-0.001159,0.250744,0.249852,0.251637,0.250438,0.25105,-0.00223,0.252694,-0.001432,0.253492,-0.00201767,0.25290668,-0.002017608,-0.00136172,-0.001201121,-0.00122,-1.74E-03,-1.92E-03,-1.90E-03,-2.22E-03,-5.86E-04,-3.74E-04,-7.29E-04,-2.89E-03
2007/12/15,-0.000801,-0.001018,-0.000584,-0.001119,-0.000483,0.251409,0.251192,0.251625,0.25109,0.251727,-0.001147,0.253778,-0.001384,0.25354,-0.00147873,0.25344563,-0.001886778,-0.001326111,3.58E-05,-0.001225,-1.74E-03,-1.92E-03,-1.90E-03,-2.22E-03,-5.86E-04,-3.74E-04,-7.29E-04,-2.89E-03
2008/1/15,-0.000657,-0.000987,-0.000327,-0.000995,-0.000318,0.251553,0.251223,0.251883,0.251214,0.251891,-0.001621,0.253303,-0.001197,0.253727,-0.00192951,0.25299485,-0.001832979,-0.00134799,-0.00116909,-0.001219,-1.74E-03,-1.92E-03,-1.90E-03,-2.22E-03,-5.86E-04,-3.74E-04,-7.29E-04,-2.89E-03
2008/2/15,-0.000589,-0.000946,-0.000233,-0.000928,-0.000251,0.25162,0.251263,0.251977,0.251281,0.251958,-0.001331,0.253593,-0.001492,0.253433,-0.00156112,0.25336324,-0.002051586,-0.001329395,-0.00144727,-0.001209,-1.84E-03,-1.92E-03,-1.88E-03,-2.12E-03,-7.03E-04,-2.11E-04,-6.95E-04,-1.70E-03
2008/3/15,-0.001078,-0.001255,-0.0009,-0.001414,-0.000742,0.251131,0.250954,0.251309,0.250796,0.251467,-0.000841,0.254083,-0.00145,0.253474,-0.00109877,0.25382559,-0.00199801,-0.001293576,-0.000337969,-0.001229,-1.84E-03,-1.92E-03,-1.88E-03,-2.12E-03,-7.03E-04,-2.11E-04,-6.95E-04,-1.70E-03
2008/4/15,-0.001489,-0.001768,-0.001211,-0.001826,-0.001153,0.25072,0.250441,0.250999,0.250384,0.251057,-0.000776,0.254149,-0.000864,0.25406,-0.00109229,0.25383207,-0.001846425,-0.0012644,-0.000545519,-0.001166,-1.84E-03,-1.92E-03,-1.88E-03,-2.12E-03,-7.03E-04,-2.11E-04,-6.95E-04,-1.70E-03
2008/5/15,-0.001567,-0.002203,-0.000931,-0.001903,-0.001231,0.250643,0.250007,0.251278,0.250307,0.250979,-0.000927,0.253997,-0.001222,0.253703,-0.00104722,0.25387714,-0.002094085,-0.001339035,-0.000567887,-0.001158,-1.84E-03,-1.92E-03,-1.88E-03,-2.12E-03,-7.03E-04,-2.11E-04,-6.95E-04,-1.70E-03
2008/6/15,-0.001031,-0.001442,-0.00062,-0.001364,-0.000698,0.251178,0.250767,0.25159,0.250845,0.251511,-0.001117,0.253807,-0.00171,0.253215,-0.0013531,0.25357125,-0.002004255,-0.001384009,-0.000753614,-0.001161,-1.84E-03,-1.92E-03,-1.88E-03,-2.12E-03,-7.03E-04,-2.11E-04,-6.95E-04,-1.70E-03
2008/7/15,-0.000963,-0.001135,-0.000791,-0.001291,-0.000635,0.251246,0.251074,0.251418,0.250918,0.251574,-0.00091,0.254015,-0.00136,0.253564,-0.00135757,0.25356679,-0.001938919,-0.001421038,-0.000604248,-0.001207,-1.84E-03,-1.92E-03,-1.88E-03,-2.12E-03,-7.03E-04,-2.11E-04,-6.95E-04,-1.70E-03
2008/8/15,-0.001617,-0.001783,-0.001451,-0.001943,-0.001291,0.250592,0.250426,0.250759,0.250267,0.250918,-0.001196,0.253729,-0.001614,0.25331,-0.00140364,0.25352072,-0.001721451,-0.00142243,-0.000939623,-0.001234,-1.84E-03,-1.92E-03,-1.88E-03,-2.12E-03,-7.03E-04,-2.11E-04,-6.95E-04,-1.70E-03
2008/9/15,-0.001565,-0.001978,-0.001151,-0.001893,-0.001237,0.250645,0.250231,0.251058,0.250317,0.250972,-0.000994,0.25393,-0.001513,0.253411,-0.00116088,0.25376348,-0.001873039,-0.001460052,-0.001133526,-0.00125,-1.84E-03,-1.92E-03,-1.88E-03,-2.12E-03,-7.03E-04,-2.11E-04,-6.95E-04,-1.70E-03
2008/10/15,-0.001342,-0.001644,-0.001039,-0.001679,-0.001005,0.250868,0.250565,0.25117,0.250531,0.251205,-0.001003,0.253921,-0.000927,0.253997,-0.00104814,0.25387621,-0.001579031,-0.001418332,-0.000805852,-0.001282,-1.84E-03,-1.92E-03,-1.88E-03,-2.12E-03,-7.03E-04,-2.11E-04,-6.95E-04,-1.70E-03
2008/11/15,-0.000566,-0.001234,0.000103,-0.000875,-0.000257,0.251644,0.250975,0.252312,0.251335,0.251953,-0.001292,0.253632,-0.001626,0.253298,-0.00122532,0.25369904,-0.001475333,-0.001424468,-0.000501088,-0.001329,-1.84E-03,-1.92E-03,-1.88E-03,-2.12E-03,-7.03E-04,-2.11E-04,-6.95E-04,-1.70E-03
2008/12/15,-0.000421,-0.000958,0.000115,-0.000698,-0.000145,0.251788,0.251251,0.252324,0.251511,0.252065,-0.000489,0.254435,-0.001719,0.253205,-0.00088573,0.25403862,-0.001493469,-0.001437106,0.000621538,-0.001322,-1.84E-03,-1.92E-03,-1.88E-03,-2.12E-03,-7.03E-04,-2.11E-04,-6.95E-04,-1.70E-03
2009/1/15,-0.001061,-0.001212,-0.000911,-0.001333,-0.00079,0.251148,0.250998,0.251299,0.250877,0.25142,-0.000828,0.254096,-0.001295,0.253629,-0.00097517,0.25394919,-0.001433313,-0.001446491,-0.000960444,-0.001274,-1.84E-03,-1.92E-03,-1.88E-03,-2.12E-03,-7.03E-04,-2.11E-04,-6.95E-04,-1.70E-03
2009/2/15,-0.001462,-0.001586,-0.001338,-0.001726,-0.001199,0.250747,0.250623,0.250871,0.250484,0.251011,-0.000325,0.254599,-0.001158,0.253766,-0.00070419,0.25422016,-0.00124376,-0.001344765,-0.000389368,-0.001267,-1.74E-03,-1.81E-03,-1.83E-03,-2.02E-03,-8.08E-04,-1.30E-03,-1.03E-03,-1.60E-03
2009/3/15,-0.000484,-0.00078,-0.000189,-0.000741,-0.000228,0.251725,0.251429,0.25202,0.251469,0.251981,-0.000417,0.254508,-0.000957,0.253967,-0.00074089,0.25418347,-0.001244457,-0.001299673,-0.000964547,-0.001247,-1.74E-03,-1.81E-03,-1.83E-03,-2.02E-03,-8.08E-04,-1.30E-03,-1.03E-03,-1.60E-03
2009/4/15,-0.00098,-0.001123,-0.000836,-0.001244,-0.000715,0.25123,0.251086,0.251373,0.250966,0.251494,-0.000489,0.254435,-0.001121,0.253803,-0.0006701,0.25425426,-0.001118731,-0.001304569,-0.000936751,-0.001148,-1.74E-03,-1.81E-03,-1.83E-03,-2.02E-03,-8.08E-04,-1.30E-03,-1.03E-03,-1.60E-03
2009/5/15,-0.00116,-0.001251,-0.001068,-0.001424,-0.000896,0.25105,0.250958,0.251141,0.250785,0.251314,-0.000684,0.254241,-0.001116,0.253808,-0.0007139,0.25421046,-0.001086623,-0.00136885,-0.001214349,-0.001135,-1.74E-03,-1.81E-03,-1.83E-03,-2.02E-03,-8.08E-04,-1.30E-03,-1.03E-03,-1.60E-03
2009/6/15,-0.000899,-0.001117,-0.000681,-0.001142,-0.000656,0.251311,0.251092,0.251529,0.251068,0.251553,-0.000609,0.254316,-0.000954,0.25397,-0.00069743,0.25422693,-0.001311577,-0.001424893,-0.00098693,-0.001167,-1.74E-03,-1.81E-03,-1.83E-03,-2.02E-03,-8.08E-04,-1.30E-03,-1.03E-03,-1.60E-03
2009/7/15,-0.000876,-0.000974,-0.000778,-0.00111,-0.000642,0.251334,0.251235,0.251432,0.2511,0.251567,-0.00093,0.253994,-0.001877,0.253047,-0.0009815,0.25394286,-0.001400522,-0.00145553,-0.002046539,-0.001205,-1.74E-03,-1.81E-03,-1.83E-03,-2.02E-03,-8.08E-04,-1.30E-03,-1.03E-03,-1.60E-03
2009/8/15,-0.00138,-0.001545,-0.001214,-0.001613,-0.001147,0.25083,0.250665,0.250995,0.250597,0.251063,-0.000952,0.253973,-0.001301,0.253623,-0.00097548,0.25394888,-0.001475693,-0.001467217,-0.001045589,-0.001266,-1.74E-03,-1.81E-03,-1.83E-03,-2.02E-03,-8.08E-04,-1.30E-03,-1.03E-03,-1.60E-03
2009/9/15,-0.00162,-0.002012,-0.001227,-0.001854,-0.001385,0.25059,0.250197,0.250983,0.250356,0.250824,-0.00138,0.253545,-0.001253,0.253672,-0.00142923,0.25349512,-0.001817472,-0.001494015,-0.000775372,-0.001295,-1.74E-03,-1.81E-03,-1.83E-03,-2.02E-03,-8.08E-04,-1.30E-03,-1.03E-03,-1.60E-03
2009/10/15,-0.000901,-0.001075,-0.000727,-0.001142,-0.000661,0.251308,0.251134,0.251482,0.251067,0.251549,-0.001282,0.253642,-0.001446,0.253479,-0.00142625,0.25349811,-0.001440595,-0.001474048,-0.001133629,-0.001343,-1.74E-03,-1.81E-03,-1.83E-03,-2.02E-03,-8.08E-04,-1.30E-03,-1.03E-03,-1.60E-03
2009/11/15,-0.00109,-0.001217,-0.000964,-0.001334,-0.000847,0.251119,0.250993,0.251245,0.250875,0.251362,-0.001699,0.253225,-0.001594,0.25333,-0.00142032,0.25350404,-0.001420996,-0.001482491,-0.00234902,-0.0014,-1.74E-03,-1.81E-03,-1.83E-03,-2.02E-03,-8.08E-04,-1.30E-03,-1.03E-03,-1.60E-03
2009/12/15,-0.001218,-0.001307,-0.001128,-0.001445,-0.00099,0.250992,0.250902,0.251082,0.250764,0.251219,-0.0009,0.254024,-0.001275,0.253649,-0.00089997,0.25402439,-0.001434813,-0.001464466,0.000299952,-0.001395,-1.74E-03,-1.81E-03,-1.83E-03,-2.02E-03,-8.08E-04,-1.30E-03,-1.03E-03,-1.60E-03
2010/1/15,-0.000901,-0.00104,-0.000762,-0.001121,-0.000682,0.251308,0.251169,0.251447,0.251089,0.251528,-0.000349,0.254575,-0.001475,0.25345,-0.00071346,0.2542109,-0.001597879,-0.001452917,-0.000786226,-0.001362,-1.74E-03,-1.81E-03,-1.83E-03,-2.02E-03,-8.08E-04,-1.30E-03,-1.03E-03,-1.60E-03
2010/2/15,-0.000941,-0.001118,-0.000763,-0.001161,-0.00072,0.251269,0.251091,0.251446,0.251048,0.251489,-0.000352,0.254573,-0.001072,0.253852,-0.00063653,0.25428782,-0.001644283,-0.001367583,-0.000787203,-0.001326,-1.88E-03,-1.63E-03,-1.79E-03,-1.97E-03,-8.91E-04,-1.43E-03,-1.27E-03,-1.45E-03
2010/3/15,-0.000898,-0.001272,-0.000525,-0.001118,-0.000679,0.251311,0.250938,0.251684,0.251092,0.25153,-0.000516,0.254409,-0.001032,0.253892,-0.0008166,0.25410776,-0.001646773,-0.001345707,-0.001139741,-0.001348,-1.88E-03,-1.63E-03,-1.79E-03,-1.97E-03,-8.91E-04,-1.43E-03,-1.27E-03,-1.45E-03
2010/4/15,-0.001114,-0.001386,-0.000842,-0.001332,-0.000897,0.251095,0.250823,0.251367,0.250877,0.251313,-0.000607,0.254317,-0.001131,0.253793,-0.00077014,0.25415422,-0.001893717,-0.001355524,-0.000947428,-0.001798,-1.88E-03,-1.63E-03,-1.79E-03,-1.97E-03,-8.91E-04,-1.43E-03,-1.27E-03,-1.45E-03
2010/5/15,-0.001066,-0.001189,-0.000943,-0.001289,-0.000843,0.251143,0.251021,0.251266,0.25092,0.251367,-0.000904,0.254021,-0.001161,0.253763,-0.00108939,0.25383497,-0.001992623,-0.001428618,-0.001395139,-0.001183,-1.88E-03,-1.63E-03,-1.79E-03,-1.97E-03,-8.91E-04,-1.43E-03,-1.27E-03,-1.45E-03
2010/6/15,-0.001526,-0.001725,-0.001328,-0.001753,-0.0013,0.250683,0.250484,0.250882,0.250457,0.250909,-0.001105,0.25382,-0.001121,0.253803,-0.00117495,0.25374941,-0.002344179,-0.001490125,-0.00124443,-0.001294,-1.88E-03,-1.63E-03,-1.79E-03,-1.97E-03,-8.91E-04,-1.43E-03,-1.27E-03,-1.45E-03
2010/7/15,-0.001042,-0.001194,-0.000891,-0.001265,-0.00082,0.251167,0.251016,0.251319,0.250945,0.25139,-0.000903,0.254021,-0.001493,0.253432,-0.00098407,0.25394028,-0.002362402,-0.001544302,-0.001346879,-0.001264,-1.88E-03,-1.63E-03,-1.79E-03,-1.97E-03,-8.91E-04,-1.43E-03,-1.27E-03,-1.45E-03
2010/8/15,-0.000769,-0.000963,-0.000574,-0.000996,-0.000541,0.251441,0.251246,0.251636,0.251214,0.251668,-0.000699,0.254225,-0.001417,0.253507,-0.0010587,0.25386566,-0.002552464,-0.00157527,-0.001690032,-0.001339,-1.88E-03,-1.63E-03,-1.79E-03,-1.97E-03,-8.91E-04,-1.43E-03,-1.27E-03,-1.45E-03
2010/9/15,-0.002076,-0.002646,-0.001506,-0.002316,-0.001836,0.250133,0.249563,0.250703,0.249893,0.250373,-0.001258,0.253667,-0.001589,0.253335,-0.00142813,0.25349622,-0.002599685,-0.001611713,-0.001306319,-0.001384,-1.88E-03,-1.63E-03,-1.79E-03,-1.97E-03,-8.91E-04,-1.43E-03,-1.27E-03,-1.45E-03
2010/10/15,-0.001329,-0.001698,-0.000961,-0.001561,-0.001098,0.25088,0.250511,0.251248,0.250648,0.251112,-0.001586,0.253339,-0.00174,0.253184,-0.00157198,0.25335237,-0.002692156,-0.00160012,-0.001500061,-0.001421,-1.88E-03,-1.63E-03,-1.79E-03,-1.97E-03,-8.91E-04,-1.43E-03,-1.27E-03,-1.45E-03
2010/11/15,-0.001432,-0.00172,-0.001144,-0.001672,-0.001192,0.250777,0.25049,0.251065,0.250537,0.251017,-0.001543,0.253381,-0.001677,0.253247,-0.00142421,0.25350015,-0.002689335,-0.001568246,-0.001761763,-0.001422,-1.88E-03,-1.63E-03,-1.79E-03,-1.97E-03,-8.91E-04,-1.43E-03,-1.27E-03,-1.45E-03
2010/12/15,-0.001348,-0.001693,-0.001003,-0.001591,-0.001104,0.250862,0.250517,0.251207,0.250618,0.251105,-0.000425,0.254499,-0.001133,0.253791,-0.00087826,0.2540461,-0.002786293,-0.001566374,0.000217798,-0.00146,-1.88E-03,-1.63E-03,-1.79E-03,-1.97E-03,-8.91E-04,-1.43E-03,-1.27E-03,-1.45E-03
2011/1/15,-0.001097,-0.001265,-0.000928,-0.001351,-0.000842,0.251113,0.250944,0.251281,0.250858,0.251367,-0.001104,0.253821,-0.001941,0.252983,-0.0014742,0.25345015,-0.002730297,-0.001590212,-0.001523067,-0.001418,-1.88E-03,-1.63E-03,-1.79E-03,-1.97E-03,-8.91E-04,-1.43E-03,-1.27E-03,-1.45E-03
2011/2/15,-0.001196,-0.001298,-0.001094,-0.001449,-0.000943,0.251013,0.250911,0.251115,0.25076,0.251266,-0.000741,0.254183,-0.001332,0.253593,-0.0010486,0.25387576,-0.002686243,-0.001476206,0.000111585,-0.001424,-1.70E-03,-1.61E-03,-1.81E-03,-1.78E-03,-1.09E-03,-4.68E-04,-1.27E-03,-1.01E-03
2011/3/15,-0.001681,-0.001936,-0.001425,-0.001931,-0.00143,0.250529,0.250274,0.250784,0.250278,0.25078,-0.001052,0.253873,-0.001638,0.253287,-0.00111828,0.25380608,-0.00256971,-0.001475481,-0.000634502,-0.001437,-1.70E-03,-1.61E-03,-1.81E-03,-1.78E-03,-1.09E-03,-4.68E-04,-1.27E-03,-1.01E-03
2011/4/15,-0.001874,-0.002154,-0.001594,-0.002114,-0.001634,0.250335,0.250055,0.250616,0.250096,0.250575,-0.000967,0.253957,-0.001246,0.253678,-0.00109633,0.25382803,-0.002686124,-0.001488513,-0.000606082,-0.001446,-1.70E-03,-1.61E-03,-1.81E-03,-1.78E-03,-1.09E-03,-4.68E-04,-1.27E-03,-1.01E-03
2011/5/15,-0.001485,-0.001642,-0.001328,-0.001763,-0.001207,0.250725,0.250567,0.250882,0.250447,0.251002,-0.001002,0.253922,-0.001256,0.253668,-0.00104518,0.25387917,-0.002612852,-0.001522668,-0.001300354,-0.001345,-1.70E-03,-1.61E-03,-1.81E-03,-1.78E-03,-1.09E-03,-4.68E-04,-1.27E-03,-1.01E-03
2011/6/15,-0.001235,-0.001364,-0.001106,-0.001513,-0.000957,0.250974,0.250846,0.251103,0.250696,0.251252,-0.001062,0.253862,-0.001171,0.253753,-0.00113137,0.25379299,-0.002313207,-0.001567792,-0.00093547,-0.0013,-1.70E-03,-1.61E-03,-1.81E-03,-1.78E-03,-1.09E-03,-4.68E-04,-1.27E-03,-1.01E-03
2011/7/15,-0.00127,-0.001479,-0.001061,-0.001553,-0.000987,0.250939,0.250731,0.251148,0.250656,0.251222,-0.001002,0.253922,-0.001045,0.25388,-0.00098879,0.25393557,-0.002538459,-0.001592169,-0.000786302,-0.001305,-1.70E-03,-1.61E-03,-1.81E-03,-1.78E-03,-1.09E-03,-4.68E-04,-1.27E-03,-1.01E-03
2011/8/15,-0.000518,-0.000991,-0.000044,-0.0008,-0.000235,0.251692,0.251218,0.252166,0.25141,0.251974,-0.001162,0.253762,-0.001481,0.253443,-0.00129968,0.25362468,-0.002539356,-0.001640221,-0.001758121,-0.001369,-1.70E-03,-1.61E-03,-1.81E-03,-1.78E-03,-1.09E-03,-4.68E-04,-1.27E-03,-1.01E-03
2011/9/15,-0.00115,-0.001353,-0.000947,-0.001429,-0.000872,0.251059,0.250857,0.251262,0.250781,0.251338,-0.001527,0.253398,-0.00142,0.253504,-0.00167181,0.25325254,-0.002605053,-0.001694202,-0.002045244,-0.001425,-1.70E-03,-1.61E-03,-1.81E-03,-1.78E-03,-1.09E-03,-4.68E-04,-1.27E-03,-1.01E-03
2011/10/15,-0.001659,-0.00203,-0.001288,-0.001923,-0.001395,0.25055,0.250179,0.250921,0.250286,0.250814,-0.001274,0.25365,-0.001256,0.253669,-0.00125399,0.25367037,-0.002762766,-0.001679981,-0.001396221,-0.001456,-1.70E-03,-1.61E-03,-1.81E-03,-1.78E-03,-1.09E-03,-4.68E-04,-1.27E-03,-1.01E-03
2011/11/15,-0.000824,-0.001034,-0.000613,-0.001089,-0.000558,0.251386,0.251175,0.251597,0.25112,0.251652,-0.001101,0.253823,-0.001157,0.253767,-0.00121435,0.25371001,-0.0025277,-0.001656816,0.000274533,-0.001467,-1.70E-03,-1.61E-03,-1.81E-03,-1.78E-03,-1.09E-03,-4.68E-04,-1.27E-03,-1.01E-03
2011/12/15,-0.001187,-0.001532,-0.000842,-0.00145,-0.000924,0.251023,0.250678,0.251368,0.25076,0.251286,-0.000877,0.254048,-0.00153,0.253395,-0.00082514,0.25409922,-0.00259305,-0.001629439,-0.001355664,-0.001494,-1.70E-03,-1.61E-03,-1.81E-03,-1.78E-03,-1.09E-03,-4.68E-04,-1.27E-03,-1.01E-03
2012/1/15,-0.001064,-0.001171,-0.000957,-0.00134,-0.000787,0.251146,0.251039,0.251252,0.250869,0.251422,-0.001055,0.25387,-0.001607,0.253317,-0.00116304,0.25376131,-0.002512778,-0.001602707,-0.002029936,-0.001474,-1.70E-03,-1.61E-03,-1.81E-03,-1.78E-03,-1.09E-03,-4.68E-04,-1.27E-03,-1.01E-03
2012/2/15,-0.001342,-0.001463,-0.00122,-0.001617,-0.001066,0.250868,0.250746,0.25099,0.250593,0.251143,-0.000501,0.254423,-0.0011,0.253824,-0.00080992,0.25411444,-0.002533561,-0.001532899,-0.001095939,-0.001482,-1.52E-03,-1.56E-03,-1.90E-03,-1.73E-03,-1.26E-03,-9.17E-04,-1.29E-03,-1.32E-03
2012/3/15,-0.001557,-0.001671,-0.001443,-0.001839,-0.001274,0.250653,0.250539,0.250767,0.25037,0.250935,-0.000787,0.254138,-0.001215,0.25371,-0.00087579,0.25404857,-0.002523474,-0.001502465,-0.001422143,-0.001464,-1.52E-03,-1.56E-03,-1.90E-03,-1.73E-03,-1.26E-03,-9.17E-04,-1.29E-03,-1.32E-03
2012/4/15,0.000618,-0.000567,0.001804,0.000333,0.000904,0.252828,0.251642,0.254013,0.252542,0.253113,-0.000667,0.254257,-0.00166,0.253265,-0.00079458,0.25412978,-0.002213385,-0.001507434,-0.001983812,-0.001453,-1.52E-03,-1.56E-03,-1.90E-03,-1.73E-03,-1.26E-03,-9.17E-04,-1.29E-03,-1.32E-03
2012/5/15,-0.001298,-0.00142,-0.001175,-0.001588,-0.001007,0.250912,0.250789,0.251034,0.250621,0.251202,-0.00076,0.254164,-0.001315,0.25361,-0.00082995,0.25409441,-0.002184239,-0.001599412,-0.001107828,-0.001368,-1.52E-03,-1.56E-03,-1.90E-03,-1.73E-03,-1.26E-03,-9.17E-04,-1.29E-03,-1.32E-03
2012/6/15,-0.001515,-0.001831,-0.001199,-0.001803,-0.001228,0.250694,0.250378,0.25101,0.250407,0.250982,-0.001034,0.253891,-0.001291,0.253634,-0.00105211,0.25387225,-0.002602922,-0.001675189,-0.001986033,-0.001346,-1.52E-03,-1.56E-03,-1.90E-03,-1.73E-03,-1.26E-03,-9.17E-04,-1.29E-03,-1.32E-03
2012/7/15,-0.001194,-0.00133,-0.001057,-0.001485,-0.000902,0.251016,0.250879,0.251153,0.250724,0.251307,-0.001217,0.253707,-0.001332,0.253593,-0.00116989,0.25375446,-0.002625626,-0.001710523,-0.001571649,-0.001356,-1.52E-03,-1.56E-03,-1.90E-03,-1.73E-03,-1.26E-03,-9.17E-04,-1.29E-03,-1.32E-03
2012/8/15,-0.001305,-0.001411,-0.0012,-0.001597,-0.001014,0.250904,0.250799,0.25101,0.250613,0.251196,-0.001426,0.253498,-0.001717,0.253208,-0.00126813,0.25365623,-0.002737373,-0.001740308,-0.001774496,-0.001429,-1.52E-03,-1.56E-03,-1.90E-03,-1.73E-03,-1.26E-03,-9.17E-04,-1.29E-03,-1.32E-03
2012/9/15,-0.001742,-0.001965,-0.001519,-0.002023,-0.001461,0.250467,0.250244,0.250691,0.250186,0.250749,-0.001026,0.253899,-0.001671,0.253253,-0.00107627,0.25384809,-0.002800383,-0.001769855,-0.001335535,-0.00149,-1.52E-03,-1.56E-03,-1.90E-03,-1.73E-03,-1.26E-03,-9.17E-04,-1.29E-03,-1.32E-03
2012/10/15,-0.001722,-0.00213,-0.001314,-0.002009,-0.001435,0.250487,0.25008,0.250895,0.2502,0.250774,-0.001584,0.253341,-0.001576,0.253348,-0.00146055,0.25346381,-0.002611254,-0.001755151,-0.000906971,-0.001544,-1.52E-03,-1.56E-03,-1.90E-03,-1.73E-03,-1.26E-03,-9.17E-04,-1.29E-03,-1.32E-03
2012/11/15,-0.000884,-0.001109,-0.00066,-0.001166,-0.000603,0.251325,0.2511,0.25155,0.251044,0.251606,-0.000485,0.254439,-0.001928,0.252997,-0.00115647,0.25376789,-0.002506686,-0.001734104,0.000113645,-0.001575,-1.52E-03,-1.56E-03,-1.90E-03,-1.73E-03,-1.26E-03,-9.17E-04,-1.29E-03,-1.32E-03
2012/12/15,-0.00114,-0.001812,-0.000469,-0.001436,-0.000844,0.251069,0.250397,0.251741,0.250773,0.251365,-0.001026,0.253898,-0.002103,0.252821,-0.00123883,0.25368553,-0.002486489,-0.00178272,-0.00030269,-0.001612,-1.52E-03,-1.56E-03,-1.90E-03,-1.73E-03,-1.26E-03,-9.17E-04,-1.29E-03,-1.32E-03
2013/1/15,-0.001058,-0.001192,-0.000923,-0.001373,-0.000742,0.251152,0.251017,0.251286,0.250836,0.251467,-0.001101,0.253823,-0.002018,0.252907,-0.00134066,0.2535837,-0.002436148,-0.001787748,-0.000825455,-0.0016,-1.52E-03,-1.56E-03,-1.90E-03,-1.73E-03,-1.26E-03,-9.17E-04,-1.29E-03,-1.32E-03
2013/2/15,-0.001416,-0.00169,-0.001142,-0.001731,-0.001101,0.250794,0.25052,0.251068,0.250479,0.251108,-0.000758,0.254166,-0.000907,0.254017,-0.00091913,0.25400523,-0.002270137,-0.001679203,-0.000253305,-0.001568,-1.65E-03,-1.55E-03,-2.06E-03,-1.75E-03,-1.45E-03,-1.49E-03,-1.67E-03,-1.86E-03
2013/3/15,-0.001017,-0.001351,-0.000682,-0.001337,-0.000697,0.251193,0.250858,0.251527,0.250872,0.251513,-0.00068,0.254245,-0.001085,0.25384,-0.00083188,0.25409248,-0.002391497,-0.001633522,-0.000257834,-0.001566,-1.65E-03,-1.55E-03,-2.06E-03,-1.75E-03,-1.45E-03,-1.49E-03,-1.67E-03,-1.86E-03
2013/4/15,-0.000751,-0.001143,-0.00036,-0.001084,-0.000419,0.251458,0.251066,0.25185,0.251125,0.251791,-0.000884,0.25404,-0.000969,0.253956,-0.00087518,0.25404917,-0.002370181,-0.001644941,-0.000637995,-0.00159,-1.65E-03,-1.55E-03,-2.06E-03,-1.75E-03,-1.45E-03,-1.49E-03,-1.67E-03,-1.86E-03
2013/5/15,-0.001349,-0.001438,-0.001261,-0.001666,-0.001033,0.25086,0.250772,0.250949,0.250543,0.251177,-0.001113,0.253812,-0.001075,0.253849,-0.00112975,0.25379461,-0.002291223,-0.001726746,-0.001125201,-0.001476,-1.65E-03,-1.55E-03,-2.06E-03,-1.75E-03,-1.45E-03,-1.49E-03,-1.67E-03,-1.86E-03
2013/6/15,-0.001433,-0.001658,-0.001209,-0.001774,-0.001093,0.250776,0.250552,0.251,0.250436,0.251116,-0.000984,0.25394,-0.001013,0.253912,-0.00097034,0.25395402,-0.002297634,-0.00179961,-0.000256232,-0.001475,-1.65E-03,-1.55E-03,-2.06E-03,-1.75E-03,-1.45E-03,-1.49E-03,-1.67E-03,-1.86E-03
2013/7/15,-0.001667,-0.001877,-0.001457,-0.001998,-0.001335,0.250543,0.250333,0.250753,0.250211,0.250874,-0.000941,0.253983,-0.001316,0.253608,-0.00102631,0.25389804,-0.002428925,-0.001828656,-0.00095424,-0.001489,-1.65E-03,-1.55E-03,-2.06E-03,-1.75E-03,-1.45E-03,-1.49E-03,-1.67E-03,-1.86E-03
2013/8/15,-0.001778,-0.002009,-0.001547,-0.002113,-0.001443,0.250431,0.250201,0.250662,0.250097,0.250766,-0.000974,0.253951,-0.000715,0.254209,-0.00102188,0.25390248,-0.002418754,-0.001858206,-0.000886731,-0.001523,-1.65E-03,-1.55E-03,-2.06E-03,-1.75E-03,-1.45E-03,-1.49E-03,-1.67E-03,-1.86E-03
2013/9/15,-0.000879,-0.001215,-0.000543,-0.001217,-0.000541,0.25133,0.250994,0.251667,0.250992,0.251669,-0.00094,0.253984,-0.000796,0.254128,-0.00088185,0.25404251,-0.002675255,-0.001890582,-0.000329343,-0.001568,-1.65E-03,-1.55E-03,-2.06E-03,-1.75E-03,-1.45E-03,-1.49E-03,-1.67E-03,-1.86E-03
2013/10/15,-0.001332,-0.001564,-0.001099,-0.001664,-0.000999,0.250878,0.250645,0.251111,0.250545,0.25121,-0.000988,0.253936,-0.001239,0.253685,-0.00095981,0.25396455,-0.002687937,-0.001881963,-0.000799035,-0.001592,-1.65E-03,-1.55E-03,-2.06E-03,-1.75E-03,-1.45E-03,-1.49E-03,-1.67E-03,-1.86E-03
2013/11/15,-0.002086,-0.002647,-0.001526,-0.002432,-0.00174,0.250123,0.249563,0.250684,0.249777,0.25047,-0.000694,0.25423,-0.001088,0.253836,-0.00071315,0.25421121,-0.002703824,-0.00184798,-9.61E-05,-0.00164,-1.65E-03,-1.55E-03,-2.06E-03,-1.75E-03,-1.45E-03,-1.49E-03,-1.67E-03,-1.86E-03
2013/12/15,-0.001761,-0.002577,-0.000945,-0.002111,-0.00141,0.250449,0.249633,0.251264,0.250098,0.250799,-0.001719,0.253205,-0.001482,0.253443,-0.00160149,0.25332287,-0.002605799,-0.001883413,-0.001104968,-0.001694,-1.65E-03,-1.55E-03,-2.06E-03,-1.75E-03,-1.45E-03,-1.49E-03,-1.67E-03,-1.86E-03
2014/1/15,-0.001718,-0.00181,-0.001625,-0.002047,-0.001389,0.250491,0.250399,0.250584,0.250163,0.25082,-0.00099,0.253934,-0.001407,0.253517,-0.00109537,0.25382898,-0.002643339,-0.001886742,-0.000935245,-0.00168,-1.65E-03,-1.55E-03,-2.06E-03,-1.75E-03,-1.45E-03,-1.49E-03,-1.67E-03,-1.86E-03
2014/2/15,-0.001499,-0.00175,-0.001249,-0.001837,-0.001162,0.25071,0.250459,0.250961,0.250373,0.251047,-0.001153,0.253772,-0.001206,0.253718,-0.00099331,0.25393105,-0.002430086,-0.001786257,-0.001167743,-0.001657,-2.03E-03,-1.93E-03,-2.24E-03,-2.16E-03,-1.71E-03,-2.31E-03,-1.97E-03,-2.11E-03
2014/3/15,-0.00235,-0.002764,-0.001937,-0.00269,-0.00201,0.249859,0.249446,0.250272,0.249519,0.250199,-0.001133,0.253792,-0.001271,0.253653,-0.00086198,0.25406237,-0.002498547,-0.001741286,-0.001325299,-0.001629,-2.03E-03,-1.93E-03,-2.24E-03,-2.16E-03,-1.71E-03,-2.31E-03,-1.97E-03,-2.11E-03
2014/4/15,-0.000691,-0.001494,0.000111,-0.001031,-0.000351,0.251518,0.250716,0.252321,0.251178,0.251858,-0.001331,0.253593,-0.000617,0.254307,-0.00125635,0.25366801,-0.002635438,-0.001744747,-0.001276978,-0.001603,-2.03E-03,-1.93E-03,-2.24E-03,-2.16E-03,-1.71E-03,-2.31E-03,-1.97E-03,-2.11E-03
2014/5/15,-0.000843,-0.001534,-0.000153,-0.001181,-0.000506,0.251366,0.250676,0.252057,0.251029,0.251704,-0.00136,0.253565,-0.000955,0.253969,-0.00123208,0.25369228,-0.002835325,-0.001801151,-0.00193293,-0.002361,-2.03E-03,-1.93E-03,-2.24E-03,-2.16E-03,-1.71E-03,-2.31E-03,-1.97E-03,-2.11E-03
2014/6/15,-0.001455,-0.00156,-0.001351,-0.001806,-0.001105,0.250754,0.250649,0.250859,0.250403,0.251105,-0.001329,0.253596,-0.001285,0.253639,-0.00126865,0.25365571,-0.002985963,-0.001835899,-0.001659214,-0.001275,-2.03E-03,-1.93E-03,-2.24E-03,-2.16E-03,-1.71E-03,-2.31E-03,-1.97E-03,-2.11E-03
2014/7/15,-0.001198,-0.001416,-0.00098,-0.001556,-0.00084,0.251011,0.250794,0.251229,0.250654,0.251369,-0.001269,0.253655,-0.001021,0.253903,-0.00123467,0.25368969,-0.003163096,-0.001892874,-0.001648479,-0.001502,-2.03E-03,-1.93E-03,-2.24E-03,-2.16E-03,-1.71E-03,-2.31E-03,-1.97E-03,-2.11E-03
2014/8/15,-0.001553,-0.00174,-0.001366,-0.00192,-0.001187,0.250656,0.250469,0.250843,0.25029,0.251023,-0.001022,0.253902,-0.00172,0.253204,-0.0011457,0.25377866,-0.003066765,-0.001934787,-0.002010256,-0.001507,-2.03E-03,-1.93E-03,-2.24E-03,-2.16E-03,-1.71E-03,-2.31E-03,-1.97E-03,-2.11E-03
2014/9/15,-0.001458,-0.001542,-0.001374,-0.001833,-0.001083,0.250751,0.250668,0.250835,0.250376,0.251126,-0.000955,0.253969,-0.001313,0.253611,-0.00115037,0.25377399,-0.003195958,-0.001986607,-0.001890335,-0.001599,-2.03E-03,-1.93E-03,-2.24E-03,-2.16E-03,-1.71E-03,-2.31E-03,-1.97E-03,-2.11E-03
2014/10/15,-0.001611,-0.002351,-0.000871,-0.001989,-0.001234,0.250598,0.249858,0.251339,0.250221,0.250976,-0.001201,0.253723,-0.001808,0.253116,-0.00139086,0.25353349,-0.003170966,-0.001999413,-0.001286389,-0.001675,-2.03E-03,-1.93E-03,-2.24E-03,-2.16E-03,-1.71E-03,-2.31E-03,-1.97E-03,-2.11E-03
2014/11/15,-0.002168,-0.002488,-0.001848,-0.002556,-0.00178,0.250042,0.249721,0.250362,0.249654,0.250429,-0.001025,0.253899,-0.001255,0.25367,-0.00120625,0.25371811,-0.003059383,-0.001937308,-0.001810112,-0.001711,-2.03E-03,-1.93E-03,-2.24E-03,-2.16E-03,-1.71E-03,-2.31E-03,-1.97E-03,-2.11E-03
2014/12/15,-0.002039,-0.00219,-0.001888,-0.002413,-0.001664,0.250171,0.250019,0.250322,0.249796,0.250545,-0.001242,0.253682,-0.001466,0.253459,-0.00141956,0.2535048,-0.003092998,-0.001911426,-0.001714112,-0.00174,-2.03E-03,-1.93E-03,-2.24E-03,-2.16E-03,-1.71E-03,-2.31E-03,-1.97E-03,-2.11E-03
